m/z,Intensity
10,0.0
11,0.0
12,0.0
13,0.0
14,0.0
15,2.3
16,0.0
17,0.0
18,0.0
19,0.0
20,0.0
21,0.0
22,0.0
23,0.0
24,0.0
25,0.0
26,2.2
27,8.8
28,2.5
29,6.0
30,0.0
31,1.8
32,0.0
33,0.0
34,0.0
35,0.0
36,0.0
37,2.5
38,4.8
39,10.2
40,0.0
41,3.6
42,0.0
43,0.0
44,0.0
45,0.0
46,0.0
47,0.0
48,0.0
49,1.6
50,8.8
51,16.2
52,15.1
53,10.7
54,1.4
55,5.3
56,0.0
57,0.0
58,0.0
59,0.0
60,0.0
61,1.9
62,4.5
63,7.8
64,2.1
65,10.3
66,1.6
67,3.9
68,0.0
69,0.0
70,0.0
71,0.0
72,0.0
73,0.0
74,1.2
75,1.2
76,0.0
77,5.8
78,0.0
79,6.3
80,5.5
81,31.0
82,1.8
83,0.0
84,0.0
85,0.0
86,0.0
87,0.0
88,0.0
89,0.0
90,0.0
91,1.4
92,1.8
93,2.7
94,0.0
95,2.9
96,0.0
97,0.0
98,0.0
99,0.0
100,0.0
101,0.0
102,0.0
103,0.0
104,0.0
105,0.0
106,0.0
107,0.0
108,8.2
109,22.2
110,1.4
111,0.0
112,0.0
113,0.0
114,0.0
115,0.0
116,0.0
117,0.0
118,0.0
119,0.0
120,0.0
121,1.3
122,1.0
123,17.2
124,2.5
125,0.0
126,0.0
127,0.0
128,0.0
129,0.0
130,0.0
131,0.0
132,0.0
133,0.0
134,0.0
135,0.0
136,2.1
137,7.0
138,0.0
139,0.0
140,0.0
141,0.0
142,0.0
143,0.0
144,0.0
145,0.0
146,0.0
147,0.0
148,0.0
149,0.0
150,0.0
151,94.4
152,100.0
153,9.2
154,0.0
155,0.0
156,0.0
157,0.0
158,0.0
159,0.0
160,0.0
161,0.0
162,0.0
