Wavenumber (cm-1),Transmittance (%)
3827.763541,92.48824338
3817.658509,92.48743562
3807.553477,92.48662787
3797.448444,92.71966559
3787.343412,92.79680632
3777.238379,92.79599856
3767.133347,92.79519081
3757.028315,92.79438305
3746.923282,92.87152379
3736.81825,93.1045615
3726.713218,93.10375375
3716.608185,93.33679146
3706.503153,93.4139322
3696.39812,93.33517595
3686.293088,93.10052272
3676.188056,93.17766346
3666.083023,93.41070117
3655.977991,93.40989342
3645.872959,93.33113717
3635.767926,92.94058696
3625.662894,92.16029429
3615.557861,91.61384709
3605.452829,91.14534839
3597.874055,90.75500012
3595.347797,90.20915874
3590.295281,89.35132146
3587.769022,88.57163461
3587.769022,87.94804668
3587.769022,87.32445875
3587.769022,86.85676781
3582.716506,86.38867298
3582.716506,85.76508505
3582.716506,85.14149712
3582.716506,84.51790919
3582.716506,83.89432127
3582.716506,83.27073334
3582.716506,82.64714541
3582.716506,82.02355748
3582.716506,81.55586653
3577.66399,81.08777171
3577.66399,80.46418378
3577.66399,79.84059585
3577.66399,79.21700792
3577.66399,78.59341999
3577.66399,77.96983206
3577.66399,77.34624413
3577.66399,76.7226562
3572.611474,76.0986644
3572.611474,75.47507647
3572.611474,74.85148854
3570.085216,74.07180169
3567.558958,73.29211484
3562.506442,72.66812303
3559.980183,72.12228166
3557.453925,71.4205433
3554.927667,70.64085645
3552.401409,69.8611696
3552.401409,69.23758167
3552.401409,68.61399374
3549.875151,68.06815236
3547.348893,67.366414
3547.348893,66.74282607
3547.348893,66.11923814
3547.348893,65.49565022
3542.296377,64.87165841
3542.296377,64.24807048
3542.296377,63.62448255
3542.296377,63.00089462
3542.296377,62.37730669
3542.296377,61.75371876
3542.296377,61.28602782
3537.243861,60.81793299
3537.243861,60.19434506
3537.243861,59.57075713
3537.243861,58.9471692
3537.243861,58.32358128
3532.191344,57.69958947
3532.191344,57.07600154
3532.191344,56.45241361
3532.191344,55.82882568
3532.191344,55.20523775
3532.191344,54.58164982
3529.665086,54.03580845
3527.138828,53.33407009
3527.138828,52.71048216
3527.138828,52.08689423
3527.138828,51.4633063
3527.138828,50.83971837
3522.086312,50.21572657
3522.086312,49.59213864
3522.086312,48.96855071
3522.086312,48.34496278
3522.086312,47.72137485
3517.033796,47.09738304
3517.033796,46.47379511
3517.033796,45.85020718
3517.033796,45.22661926
3517.033796,44.60303133
3517.033796,44.13534038
3511.98128,43.66724555
3511.98128,43.04365763
3511.98128,42.4200697
3511.98128,41.79648177
3511.98128,41.17289384
3511.98128,40.54930591
3511.98128,39.92571798
3506.928764,39.30172617
3506.928764,38.67813825
3506.928764,38.05455032
3506.928764,37.43096239
3506.928764,36.80737446
3504.402505,36.02768761
3501.876247,35.24800076
3501.876247,34.62441283
3501.876247,34.0008249
3501.876247,33.37723697
3501.876247,32.90954602
3496.823731,32.4414512
3496.823731,31.81786327
3496.823731,31.19427534
3496.823731,30.57068741
3491.771215,29.94669561
3491.771215,29.32310768
3491.771215,28.69951975
3491.771215,28.07593182
3491.771215,27.60824087
3486.718699,27.14014605
3486.718699,26.51655812
3486.718699,25.89297019
3486.718699,25.42527924
3481.666183,24.95718442
3481.666183,24.33359649
3479.139924,23.55390964
3476.613666,22.77422279
3474.087408,22.22838141
3471.56115,21.52664305
3469.034892,20.98080168
3463.982376,20.12296439
3461.456118,19.49917453
3453.877344,18.87498078
3448.824827,18.17304048
3438.719795,17.70454178
3428.614763,17.70373402
3418.50973,18.48241118
3421.035988,17.93697368
3413.457214,19.10559523
3408.404698,20.35236721
3410.930956,19.65103273
3403.352182,21.59913919
3405.87844,20.89780471
3398.299666,23.4694991
3400.825924,22.76816462
3400.825924,22.14457669
3395.773407,25.26211245
3395.773407,24.63852452
3395.773407,24.0149366
3390.720891,27.75606029
3390.720891,27.13247236
3390.720891,26.50888443
3390.720891,25.8852965
3383.142117,30.63954864
3385.668375,29.93821416
3385.668375,29.31462623
3385.668375,28.69103831
3385.668375,28.22334736
3378.089601,33.8350329
3380.615859,33.05574993
3380.615859,32.432162
3380.615859,31.80857407
3380.615859,31.18498614
3373.037085,36.6407747
3375.563343,35.86149173
3375.563343,35.2379038
3375.563343,34.61431587
3367.984568,39.99215594
3370.510826,39.29082146
3370.510826,38.66723353
3370.510826,38.04364561
3370.510826,37.42005768
3365.45831,43.03194516
3365.45831,42.40835723
3365.45831,41.7847693
3365.45831,41.16118137
3365.45831,40.53759344
3360.405794,46.46127489
3360.405794,45.83768696
3360.405794,45.21409903
3360.405794,44.5905111
3360.405794,43.96692317
3360.405794,43.49923223
3352.82702,49.34476324
3355.353278,48.64342876
3355.353278,48.01984083
3355.353278,47.3962529
3355.353278,46.92856196
3350.300762,52.38455246
3350.300762,51.76096453
3350.300762,51.1373766
3350.300762,50.51378867
3350.300762,49.89020074
3345.248246,55.50208822
3345.248246,54.8785003
3345.248246,54.25491237
3345.248246,53.63132444
3345.248246,53.00773651
3337.669471,58.77531903
3340.195729,57.99603606
3340.195729,57.37244813
3340.195729,56.7488602
3340.195729,56.12527228
3335.143213,60.80177786
3335.143213,60.17818994
3335.143213,59.55460201
3330.090697,63.2957257
3330.090697,62.67213777
3330.090697,62.04854984
3330.090697,61.42496191
3322.511923,65.94536858
3325.038181,65.16608561
3325.038181,64.54249768
3325.038181,63.91890975
3319.985665,67.97182741
3319.985665,67.34823948
3319.985665,66.72465155
3312.40689,69.91993387
3314.933148,69.21859939
3314.933148,68.59501146
3307.354374,71.79029378
3309.880632,71.0889593
3309.880632,70.46537137
3302.301858,73.73860218
3304.828116,72.95931921
3304.828116,72.33573128
3299.7756,75.14147308
3299.7756,74.51788515
3292.196826,76.77778558
3294.723084,76.0764511
3294.723084,75.60876015
3287.144309,78.02455756
3289.670568,77.32322308
3282.091793,79.34927803
3284.618051,78.56999506
3277.039277,80.20630755
3271.986761,80.8294916
3266.934245,81.45267565
3256.829212,81.76366186
3249.250438,81.68510755
3246.72418,81.13926618
3241.671664,80.2814289
3239.145406,79.50174205
3239.145406,78.87815412
3239.145406,78.25456619
3239.145406,77.63097826
3239.145406,77.00739033
3236.619148,76.46154895
3234.092889,75.75981059
3234.092889,75.13622267
3234.092889,74.51263474
3234.092889,73.88904681
3234.092889,73.26545888
3234.092889,72.64187095
3234.092889,72.01828302
3234.092889,71.39469509
3234.092889,70.77110716
3234.092889,70.14751923
3234.092889,69.52393131
3234.092889,68.90034338
3234.092889,68.27675545
3234.092889,67.65316752
3229.040373,67.02917571
3229.040373,66.40558778
3229.040373,65.78199985
3229.040373,65.15841192
3229.040373,64.534824
3229.040373,63.91123607
3229.040373,63.28764814
3226.514115,62.50796129
3226.514115,61.88437336
3226.514115,61.26078543
3226.514115,60.6371975
3226.514115,60.01360957
3226.514115,59.39002164
3226.514115,58.76643371
3226.514115,58.14284578
3226.514115,57.51925786
3226.514115,56.89566993
3226.514115,56.272082
3226.514115,55.64849407
3226.514115,55.02490614
3223.987857,54.24521929
3216.409083,70.76969359
3216.409083,70.22405415
3218.935341,69.52271967
3218.935341,68.89913174
3218.935341,68.27554381
3218.935341,67.65195588
3218.935341,67.02836795
3218.935341,66.40478003
3218.935341,65.7811921
3218.935341,65.15760417
3218.935341,64.53401624
3218.935341,63.91042831
3218.935341,63.28684038
3218.935341,62.81914943
3208.830309,69.83370588
3206.30405,69.05401903
3206.30405,68.58632808
3198.725276,69.52110416
3193.67276,68.89711235
3193.67276,68.27352442
3193.67276,67.64993649
3193.67276,67.02634856
3193.67276,66.40276063
3188.620244,65.77876883
3188.620244,65.1551809
3188.620244,64.53159297
3188.620244,63.90800504
3188.620244,63.28441711
3188.620244,62.66082918
3188.620244,62.03724125
3188.620244,61.41365333
3183.567728,60.78966152
3183.567728,60.16607359
3183.567728,59.54248566
3183.567728,58.91889773
3183.567728,58.2953098
3183.567728,57.67172187
3183.567728,57.04813394
3183.567728,56.42454602
3183.567728,55.80095809
3183.567728,55.17737016
3183.567728,54.55378223
3183.567728,54.08609128
3178.515211,53.61799646
3178.515211,52.99440853
3178.515211,52.3708206
3178.515211,51.74723267
3178.515211,51.12364474
3178.515211,50.50005681
3178.515211,49.87646888
3178.515211,49.25288095
3178.515211,48.62929303
3178.515211,48.0057051
3178.515211,47.38211717
3178.515211,46.75852924
3178.515211,46.13494131
3178.515211,45.51135338
3178.515211,44.88776545
3178.515211,44.26417752
3178.515211,43.64058959
3178.515211,43.01700167
3178.515211,42.39341374
3170.936437,41.61332301
3170.936437,40.98973508
3170.936437,40.36614715
3170.936437,39.74255922
3168.410179,38.96287237
3168.410179,38.33928444
3168.410179,37.71569651
3168.410179,37.09210858
3168.410179,36.62441764
3163.357663,36.15632281
3163.357663,35.53273488
3163.357663,34.90914695
3163.357663,34.28555903
3163.357663,33.6619711
3163.357663,33.03838317
3163.357663,32.41479524
3163.357663,31.79120731
3163.357663,31.16761938
3163.357663,30.54403145
3163.357663,29.92044352
3163.357663,29.29685559
3163.357663,28.67326767
3163.357663,28.04967974
3163.357663,27.42609181
3163.357663,26.80250388
3163.357663,26.17891595
3163.357663,25.55532802
3163.357663,24.93174009
3163.357663,24.30815216
3163.357663,23.68456423
3163.357663,23.0609763
3163.357663,22.43738838
3163.357663,21.81380045
3163.357663,21.19021252
3163.357663,20.56662459
3163.357663,19.94303666
3163.357663,19.31944873
3163.357663,18.6958608
3163.357663,18.22816986
3158.305147,17.76007503
3158.305147,17.1364871
3158.305147,16.51289917
3158.305147,15.88931124
3158.305147,15.26572332
3158.305147,14.64213539
3158.305147,14.01854746
3158.305147,13.39495953
3158.305147,12.7713716
3158.305147,12.14778367
3158.305147,11.52419574
3158.305147,10.90060781
3158.305147,10.27701988
3158.305147,9.653431955
3158.305147,9.029844026
3158.305147,8.406256097
3153.25263,7.78226429
3153.25263,7.158676361
3153.25263,6.535088432
3150.726372,5.911298564
3148.200114,5.287508696
3143.147598,15.57630564
3143.147598,14.95271772
3143.147598,14.32912979
3143.147598,13.70554186
3143.147598,13.08195393
3143.147598,12.458366
3143.147598,11.83477807
3143.147598,11.21119014
3143.147598,10.58760221
3143.147598,9.964014285
3143.147598,9.340426356
3143.147598,8.716838427
3143.147598,8.093250498
3143.147598,7.469662569
3143.147598,6.84607464
3143.147598,6.378383693
3135.568824,21.65568213
3135.568824,21.03209421
3135.568824,20.40850628
3135.568824,19.78491835
3135.568824,19.16133042
3135.568824,18.53774249
3135.568824,17.91415456
3135.568824,17.29056663
3135.568824,16.74492719
3138.095082,16.1994897
3127.99005,16.19868194
3127.99005,15.57509401
3127.99005,14.95150608
3127.99005,14.32791815
3127.99005,13.70433022
3127.99005,13.08074229
3127.99005,12.45715437
3127.99005,11.83356644
3127.99005,11.20997851
3127.99005,10.58639058
3127.99005,10.11869963
3122.937533,9.650604807
3122.937533,9.027016878
3122.937533,8.403428949
3122.937533,7.779841021
3120.411275,7.00015417
3120.411275,6.454514732
3110.306243,8.246522272
3112.832501,7.4672393
3112.832501,6.999548353
3107.779985,14.6380966
3107.779985,14.01450868
3107.779985,13.39092075
3107.779985,12.76733282
3107.779985,12.14374489
3107.779985,11.52015696
3107.779985,10.89656903
3107.779985,10.2729811
3107.779985,9.649393173
3107.779985,9.025805244
3102.727469,22.12074787
3102.727469,21.49715994
3102.727469,20.87357202
3102.727469,20.24998409
3102.727469,19.62639616
3102.727469,19.00280823
3102.727469,18.3792203
3102.727469,17.75563237
3102.727469,17.13204444
3102.727469,16.50845651
3102.727469,15.88486858
3102.727469,15.26128065
3095.148694,24.61449377
3095.148694,23.99090584
3097.674952,23.36751985
3097.674952,22.74393192
3085.043662,24.37984054
3087.56992,23.83440304
3082.517404,24.92527804
3074.93863,24.14518731
3074.93863,23.52159938
3074.93863,22.89801145
3074.93863,22.27442353
3074.93863,21.6508356
3072.412372,20.87114875
3067.359855,38.33120688
3067.359855,37.70761895
3067.359855,37.08403102
3067.359855,36.46044309
3067.359855,35.83685516
3067.359855,35.21326723
3067.359855,34.5896793
3067.359855,33.96609138
3067.359855,33.34250345
3067.359855,32.71891552
3067.359855,32.09532759
3067.359855,31.47173966
3067.359855,30.84815173
3067.359855,30.2245638
3067.359855,29.60097587
3067.359855,28.97738794
3067.359855,28.35380002
3067.359855,27.73021209
3067.359855,27.10662416
3067.359855,26.48303623
3067.359855,25.8594483
3067.359855,25.23586037
3067.359855,24.61227244
3062.307339,52.67332537
3062.307339,52.04973744
3062.307339,51.42614951
3062.307339,50.80256158
3062.307339,50.17897365
3062.307339,49.55538572
3062.307339,48.93179779
3062.307339,48.30820986
3062.307339,47.68462193
3062.307339,47.06103401
3062.307339,46.43744608
3062.307339,45.81385815
3062.307339,45.19027022
3062.307339,44.56668229
3062.307339,43.94309436
3062.307339,43.31950643
3062.307339,42.6959185
3062.307339,42.07233057
3062.307339,41.44874264
3062.307339,40.82515472
3062.307339,40.20156679
3062.307339,39.57797886
3062.307339,38.95439093
3057.254823,62.33853439
3057.254823,61.71494646
3057.254823,61.09135853
3057.254823,60.4677706
3057.254823,59.84418267
3057.254823,59.22059474
3057.254823,58.59700681
3057.254823,57.97341888
3057.254823,57.34983095
3057.254823,56.72624303
3057.254823,56.1026551
3057.254823,55.47906717
3057.254823,54.85547924
3057.254823,54.23189131
3057.254823,53.60830338
3057.254823,53.14061243
3052.202307,68.5740098
3052.202307,67.95042187
3052.202307,67.32683394
3052.202307,66.70324601
3052.202307,66.07965808
3052.202307,65.45607015
3052.202307,64.83248222
3052.202307,64.20889429
3052.202307,63.58530637
3052.202307,62.96171844
3044.623532,71.84724061
3047.149791,71.06795763
3047.149791,70.44436971
3047.149791,69.82078178
3047.149791,69.19719385
3042.097274,73.87369944
3042.097274,73.25011151
3042.097274,72.62652358
3037.044758,76.36764727
3037.044758,75.74405934
3037.044758,75.12047142
3037.044758,74.49688349
3029.465984,78.93934166
3031.992242,78.23800718
3031.992242,77.61441925
3031.992242,76.99083132
3024.413468,80.80970157
3026.939726,80.10836709
3026.939726,79.48477916
3019.360952,82.13442204
3021.88721,81.35513907
3009.255919,82.36745976
3001.677145,81.97711149
2999.150887,81.19742464
2996.624629,80.41773779
2994.098371,79.87189641
2988.203768,79.1698888
2989.045854,78.3904712
2989.045854,77.76688327
2989.045854,77.14329534
2989.045854,76.51970741
2981.46708,82.5990839
2981.46708,81.97549597
2981.46708,81.35190805
2981.46708,80.72832012
2981.46708,80.10473219
2981.46708,79.63704124
2973.888306,84.54719036
2976.414564,83.84585588
2976.414564,83.22226795
2968.83579,85.79396234
2971.362048,85.09262786
2966.309532,86.33939984
2958.730757,87.4300729
2961.257015,86.80668691
2948.625725,88.05285307
2938.520693,88.59768475
2928.41566,88.90867096
2918.310628,88.9858117
2908.205595,88.98500394
2898.100563,88.75035071
2887.995531,88.90543994
2877.890498,88.98258067
2867.785466,89.21561839
2857.680434,89.29275912
2847.575401,89.29195137
2837.470369,89.29114361
2827.365337,89.52418133
2817.260304,89.67927055
2807.155272,89.99025676
2797.050239,90.45713995
2786.945207,90.76812616
2776.840175,90.84526689
2766.735142,91.07830461
2756.63011,91.23339384
2746.525078,91.46643155
2736.420045,91.69946927
2726.315013,91.8545585
2716.20998,92.08759621
2706.104948,92.16473695
2695.999916,92.39777467
2685.894883,92.63081238
2675.789851,92.94179859
2665.684819,93.33073329
2655.579786,93.56377101
2645.474754,93.56296325
2635.369721,93.32831002
2625.264689,93.32750226
2615.159657,93.404643
2605.054624,93.63768072
2594.949592,93.63687296
2584.84456,93.6360652
2574.739527,93.63525745
2564.634495,93.63444969
2554.529462,93.63364193
2544.42443,93.63283418
2534.319398,93.70997491
2524.214365,93.94301263
2514.109333,93.94220487
2504.004301,93.86344863
2493.899268,93.39494992
2483.794236,93.00439971
2473.689203,92.69179799
2463.584171,93.0027842
2453.479139,93.23582192
2443.374106,93.54680812
2433.269074,93.85779433
2423.164042,93.93493507
2413.059009,93.93412731
2402.953977,93.77742257
2392.848945,93.62071783
2382.743912,93.69785857
2372.63888,93.93089628
2362.533847,93.93008853
2352.428815,93.85133228
2342.323783,93.30488509
2332.21875,92.6804894
2324.639976,92.21219264
2324.639976,91.58860471
2322.113718,91.04276333
2319.58746,90.34102497
2317.061202,89.79518359
2314.534944,89.09344524
2312.008686,88.54760386
2309.482427,87.8458655
2306.956169,87.30002412
2304.429911,86.59828576
2304.429911,86.13059482
2299.377395,85.66249999
2291.798621,85.27215172
2289.272363,85.9734862
2284.219847,87.53205214
2284.219847,86.90846422
2284.219847,86.44077327
2276.641072,89.86990106
2279.16733,89.09061809
2279.16733,88.46703016
2279.16733,87.99933921
2274.114814,90.64918403
2266.53604,91.97370256
2269.062298,91.27236808
2261.483524,92.59688661
2256.431008,93.29801916
2246.325975,93.92079933
2236.220943,94.30973403
2226.11591,94.62072024
2216.010878,94.85375795
2205.905846,94.8529502
2195.800813,94.85214244
2185.695781,94.85133468
2175.590749,95.0843724
2165.485716,95.08356464
2155.380684,94.84891142
2145.275651,94.53630969
2135.170619,94.14575948
2125.065587,93.67726078
2114.960554,93.36465906
2104.855522,92.97410885
2097.276748,92.50581208
2094.75049,91.95997071
2089.697973,91.3359789
2084.645457,90.71198709
2082.119199,90.01024873
2079.592941,89.23056188
2077.066683,88.45087503
2077.066683,87.8272871
2077.066683,87.20369917
2077.066683,86.58011124
2074.540425,86.03426987
2072.014167,85.33253151
2072.014167,84.70894358
2072.014167,84.08535565
2069.487909,83.3056688
2069.487909,82.68208087
2059.382876,85.17562483
2061.909134,84.39634186
2061.909134,83.77275393
2054.33036,86.11060285
2046.751586,85.95410005
2044.225328,85.1744132
2041.69907,84.39472635
2041.69907,83.77113842
2041.69907,83.14755049
2041.69907,82.52396256
2039.172812,81.97812118
2036.646553,81.27638282
2036.646553,80.65279489
2036.646553,80.02920697
2036.646553,79.40561904
2036.646553,78.78203111
2036.646553,78.15844318
2036.646553,77.69075223
2031.594037,77.22265741
2031.594037,76.59906948
2031.594037,75.97548155
2031.594037,75.35189362
2031.594037,74.72830569
2031.594037,74.10471776
2031.594037,73.48112983
2031.594037,72.8575419
2023.173177,72.23328085
2026.541521,71.60996217
2021.489005,75.66287983
2021.489005,75.0392919
2021.489005,74.41570397
2021.489005,73.79211604
2021.489005,73.16852811
2016.436489,80.65117938
2016.436489,80.02759145
2016.436489,79.40400352
2016.436489,78.78041559
2016.436489,78.15682767
2016.436489,77.53323974
2016.436489,76.90965181
2016.436489,76.28606388
2008.857714,85.17158605
2011.383972,84.39230308
2011.383972,83.76871515
2011.383972,83.14512722
2011.383972,82.52153929
2011.383972,81.89795136
2011.383972,81.27436343
2003.805198,87.35373992
2006.331456,86.57445695
2006.331456,85.95086902
1998.752682,88.28871794
1988.64765,88.91149811
1978.542617,89.84607225
1981.068875,89.22268626
1968.437585,90.78064638
1970.963843,90.15726039
1958.332553,91.40342656
1948.22752,91.94825824
1938.122488,92.02539897
1928.017455,91.94664273
1917.912423,91.634041
1907.807391,91.1655423
1897.702358,90.85294058
1887.597326,90.38444188
1877.492294,89.83799468
1867.387261,89.213599
1859.808487,88.74530223
1857.282229,88.19946086
1849.703455,87.80911258
1847.177196,87.26327121
1844.650938,86.56153285
1839.598422,85.93754104
1837.072164,85.15785419
1834.545906,84.53406432
1829.49339,84.0659695
1829.49339,83.44238157
1829.49339,82.81879364
1829.49339,82.35110269
1824.440874,81.88300787
1824.440874,81.25941994
1821.914616,80.47973309
1819.388357,79.70004624
1819.388357,79.07645831
1819.388357,78.45287038
1819.388357,77.82928245
1814.335841,77.20529064
1814.335841,76.58170272
1814.335841,75.95811479
1814.335841,75.33452686
1809.283325,74.71053505
1809.283325,74.08694712
1809.283325,73.46335919
1809.283325,72.83977126
1809.283325,72.21618334
1809.283325,71.59259541
1809.283325,70.96900748
1809.283325,70.50131653
1804.230809,70.03322171
1804.230809,69.40963378
1804.230809,68.78604585
1804.230809,68.16245792
1804.230809,67.53886999
1804.230809,66.91528206
1804.230809,66.29169413
1804.230809,65.6681062
1804.230809,65.04451827
1799.178293,64.42052647
1799.178293,63.79693854
1799.178293,63.17335061
1799.178293,62.54976268
1799.178293,61.92617475
1799.178293,61.30258682
1799.178293,60.67899889
1799.178293,60.05541096
1799.178293,59.43182304
1799.178293,58.80823511
1799.178293,58.18464718
1799.178293,57.71695623
1794.125776,57.24886141
1794.125776,56.62527348
1794.125776,56.00168555
1794.125776,55.37809762
1794.125776,54.75450969
1794.125776,54.13092176
1794.125776,53.50733383
1794.125776,52.8837459
1794.125776,52.26015797
1794.125776,51.63657005
1794.125776,51.01298212
1794.125776,50.38939419
1794.125776,49.76580626
1794.125776,49.14221833
1794.125776,48.5186304
1794.125776,47.89504247
1794.125776,47.27145454
1789.07326,46.64746274
1789.07326,46.02387481
1789.07326,45.40028688
1789.07326,44.77669895
1789.07326,44.15311102
1789.07326,43.52952309
1789.07326,42.90593516
1789.07326,42.28234723
1789.07326,41.6587593
1789.07326,41.03517138
1789.07326,40.41158345
1789.07326,39.78799552
1789.07326,39.16440759
1789.07326,38.54081966
1789.07326,37.91723173
1789.07326,37.2936438
1789.07326,36.67005587
1784.020744,36.04606407
1784.020744,35.42247614
1784.020744,34.79888821
1784.020744,34.17530028
1784.020744,33.55171235
1784.020744,32.92812442
1784.020744,32.30453649
1784.020744,31.68094856
1784.020744,31.05736063
1784.020744,30.43377271
1784.020744,29.96608176
1778.968228,29.49798693
1778.968228,28.87439901
1778.968228,28.25081108
1778.968228,27.62722315
1778.968228,27.00363522
1778.968228,26.38004729
1778.968228,25.75645936
1770.547368,25.1321983
1771.389454,24.3527807
1771.389454,23.80714127
1766.336937,26.84672854
1768.863196,26.06744557
1761.284421,30.27605827
1763.810679,29.4967753
1763.810679,28.87318737
1763.810679,28.24959944
1763.810679,27.62601151
1758.758163,31.67892917
1758.758163,31.05534124
1753.705647,35.73184683
1753.705647,35.1082589
1753.705647,34.48467097
1753.705647,33.86108305
1753.705647,33.23749512
1753.705647,32.61390719
1753.705647,32.14621624
1748.653131,41.65552828
1748.653131,41.03194035
1748.653131,40.40835242
1748.653131,39.78476449
1748.653131,39.16117656
1748.653131,38.53758863
1748.653131,37.91400071
1748.653131,37.29041278
1748.653131,36.66682485
1748.653131,36.1991339
1743.600615,47.26741576
1743.600615,46.64382783
1743.600615,46.0202399
1743.600615,45.39665197
1743.600615,44.77306405
1743.600615,44.14947612
1743.600615,43.52588819
1743.600615,42.90230026
1743.600615,42.27871233
1736.02184,49.76116166
1736.02184,49.13757373
1736.02184,48.5139858
1736.02184,47.89039787
1733.495582,47.42250499
1728.443066,46.95441016
1728.443066,46.33082223
1728.443066,45.7072343
1728.443066,45.08364638
1728.443066,44.46005845
1728.443066,43.83647052
1728.443066,43.21288259
1728.443066,42.58929466
1728.443066,41.96570673
1728.443066,41.3421188
1728.443066,40.71853087
1723.39055,40.09453907
1723.39055,39.47095114
1723.39055,38.84736321
1723.39055,38.22377528
1723.39055,37.60018735
1723.39055,36.97659942
1723.39055,36.35301149
1723.39055,35.72942356
1723.39055,35.10583563
1723.39055,34.48224771
1720.864292,33.70256086
1720.864292,33.07897293
1723.39055,32.7673809
1718.338034,32.29928608
1713.285518,38.84655545
1713.285518,38.22296752
1713.285518,37.59937959
1713.285518,36.97579166
1713.285518,36.35220374
1713.285518,35.72861581
1713.285518,35.10502788
1713.285518,34.48143995
1713.285518,33.85785202
1708.233001,44.45844293
1708.233001,43.834855
1708.233001,43.21126708
1708.233001,42.58767915
1708.233001,41.96409122
1708.233001,41.34050329
1708.233001,40.71691536
1708.233001,40.09332743
1708.233001,39.4697395
1700.654227,47.2639828
1700.654227,46.71834336
1703.180485,46.01700888
1703.180485,45.39342095
1703.180485,44.92573
1693.075453,46.32799509
1693.075453,45.70440716
1693.075453,45.08081923
1693.075453,44.4572313
1693.075453,43.83364337
1690.549195,43.05395652
1688.022937,42.27426967
1688.022937,41.65068174
1688.022937,41.02709381
1688.022937,40.40350588
1688.022937,39.77991795
1688.022937,39.15633003
1688.022937,38.5327421
1688.022937,37.90915417
1688.022937,37.28556624
1688.022937,36.66197831
1688.022937,36.03839038
1682.97042,35.41439857
1682.97042,34.79081064
1682.97042,34.16722272
1682.97042,33.54363479
1682.97042,32.92004686
1682.97042,32.29645893
1682.97042,31.672871
1682.97042,31.04928307
1682.97042,30.42569514
1682.97042,29.80210721
1682.97042,29.17851928
1682.97042,28.55493135
1682.97042,27.93134343
1682.97042,27.3077555
1682.97042,26.68416757
1677.917904,26.06017576
1677.917904,25.43658783
1677.917904,24.8129999
1677.917904,24.18941197
1677.917904,23.56582405
1677.917904,22.94223612
1677.917904,22.31864819
1675.391646,21.77280681
1669.497044,21.0707992
1670.33913,20.2913816
1670.33913,19.66779367
1670.33913,19.04420574
1670.33913,18.42061781
1670.33913,17.87497838
1672.865388,17.32954088
1672.865388,16.86184993
1660.234098,26.52645313
1662.760356,25.74717016
1662.760356,25.12358223
1662.760356,24.4999943
1662.760356,23.87640638
1662.760356,23.25281845
1662.760356,22.62923052
1662.760356,22.00564259
1662.760356,21.53795164
1655.181581,31.74859816
1657.707839,31.04726368
1657.707839,30.42367575
1657.707839,29.80008782
1657.707839,29.17649989
1657.707839,28.55291196
1657.707839,27.92932404
1657.707839,27.30573611
1652.655323,36.65915116
1652.655323,36.03556323
1652.655323,35.4119753
1652.655323,34.78838738
1652.655323,34.16479945
1652.655323,33.54121152
1652.655323,32.91762359
1652.655323,32.29403566
1647.602807,41.33565675
1647.602807,40.71206882
1647.602807,40.08848089
1647.602807,39.46489296
1647.602807,38.84130504
1647.602807,38.21771711
1647.602807,37.59412918
1647.602807,37.12643823
1640.024033,44.84273303
1642.550291,44.14139855
1642.550291,43.51781062
1642.550291,42.89422269
1642.550291,42.27063477
1642.550291,41.80294382
1634.971517,46.1674535
1637.497775,45.38817053
1624.866484,47.02407915
1622.340226,47.56951665
1617.28771,49.75167052
1617.28771,49.12808259
1617.28771,48.50449466
1617.28771,48.03680372
1612.235194,53.49279422
1612.235194,52.86920629
1612.235194,52.24561836
1612.235194,51.62203043
1612.235194,50.9984425
1612.235194,50.37485457
1607.182678,55.98674206
1607.182678,55.36315413
1607.182678,54.7395662
1607.182678,54.11597827
1599.603903,57.31126059
1602.130161,56.60992611
1589.498871,57.07660736
1579.393839,56.53016016
1569.288806,56.37345542
1559.183774,55.98290521
1551.605,59.72382697
1551.605,59.10023904
1551.605,58.47665111
1551.605,57.85306318
1551.605,57.22947525
1551.605,56.60588732
1546.552483,65.02392049
1546.552483,64.40033256
1546.552483,63.77674463
1546.552483,63.1531567
1546.552483,62.52956877
1546.552483,61.90598084
1546.552483,61.28239291
1546.552483,60.65880498
1546.552483,60.19111404
1538.973709,67.20587242
1538.973709,66.58228449
1538.973709,66.03664505
1541.499967,65.49120755
1531.394935,65.95809075
1531.394935,65.33450282
1531.394935,64.71091489
1531.394935,64.08732696
1531.394935,63.46373903
1531.394935,62.8401511
1531.394935,62.21656317
1531.394935,61.74887222
1526.342419,61.2807774
1526.342419,60.65718947
1526.342419,60.03360154
1523.816161,59.25391469
1516.237386,60.65638171
1516.237386,60.03279379
1516.237386,59.40920586
1511.18487,63.46212352
1511.18487,62.83853559
1511.18487,62.21494766
1511.18487,61.59135973
1511.18487,61.12366878
1503.606096,64.08510563
1501.079838,63.46131576
1501.079838,62.83772783
1498.55358,62.05804098
1496.027322,61.27835413
1496.027322,60.6547662
1496.027322,60.03117827
1496.027322,59.40759034
1496.027322,58.9398994
1490.974805,58.47180457
1490.974805,57.84821664
1490.974805,57.22462871
1490.974805,56.60104079
1490.974805,55.97745286
1490.974805,55.50976191
1485.922289,55.04166709
1485.922289,54.41807916
1483.396031,53.79428929
1483.396031,53.32659834
1475.817257,55.66444726
1475.817257,55.04085933
1475.817257,54.4172714
1475.817257,53.94958045
1470.764741,58.78198302
1470.764741,58.1583951
1470.764741,57.53480717
1470.764741,56.91121924
1470.764741,56.28763131
1463.185966,60.02855306
1463.185966,59.40496514
1460.659708,58.78117527
1460.659708,58.15758734
1460.659708,57.53399941
1458.13345,56.98815803
1455.607192,56.28641967
1455.607192,55.66283174
1455.607192,55.03924382
1455.607192,54.41565589
1455.607192,53.79206796
1455.607192,53.16848003
1455.607192,52.5448921
1455.607192,51.92130417
1455.607192,51.29771624
1455.607192,50.8300253
1450.554676,50.36193047
1450.554676,49.73834254
1450.554676,49.11475461
1450.554676,48.49116668
1450.554676,47.86757876
1450.554676,47.24399083
1450.554676,46.6204029
1450.554676,45.99681497
1448.028418,45.21712812
1442.975902,44.59313631
1437.923385,46.77529018
1440.449643,45.99600721
1440.449643,45.37241928
1435.397127,48.80174901
1435.397127,48.17816108
1435.397127,47.55457316
1427.818353,50.36011302
1427.818353,49.81447358
1430.344611,49.26903608
1420.239579,49.42412531
1420.239579,48.80053738
1420.239579,48.17694945
1420.239579,47.55336152
1420.239579,47.08567057
1415.187063,46.61757575
1415.187063,45.99398782
1415.187063,45.37039989
1415.187063,44.74681196
1410.134546,44.12282016
1410.134546,43.49923223
1407.608288,42.71954538
1402.555772,42.01760508
1397.503256,41.39361327
1387.398224,41.15896004
1379.819449,41.31425121
1372.240675,41.78133634
1367.188159,42.3265719
1359.609385,42.24801759
1354.556868,41.62402578
1354.556868,41.00043785
1354.556868,40.37684992
1349.504352,39.75285812
1349.504352,39.12927019
1349.504352,38.50568226
1349.504352,37.88209433
1349.504352,37.2585064
1349.504352,36.63491847
1344.451836,36.01092666
1344.451836,35.38733873
1344.451836,34.76375081
1344.451836,34.14016288
1344.451836,33.51657495
1344.451836,32.89298702
1341.925578,32.11330017
1339.39932,31.33361332
1339.39932,30.71002539
1336.873062,30.16418401
1334.346804,29.46244565
1334.346804,28.83885772
1334.346804,28.2152698
1334.346804,27.59168187
1334.346804,27.12399092
1329.294287,26.65589609
1329.294287,26.03230817
1329.294287,25.40872024
1329.294287,24.78513231
1329.294287,24.16154438
1320.873427,23.58924898
1324.241771,23.06986163
1316.662997,25.17386507
1319.189255,24.47253059
1314.136739,28.83724221
1314.136739,28.21365428
1314.136739,27.59006635
1314.136739,26.96647842
1314.136739,26.3428905
1314.136739,25.71930257
1309.084223,32.89015987
1309.084223,32.26657194
1309.084223,31.64298401
1309.084223,31.01939608
1309.084223,30.39580816
1309.084223,29.77222023
1309.084223,29.30452928
1301.505448,35.46185426
1304.031706,34.76051978
1304.031706,34.13693185
1304.031706,33.51334392
1298.97919,37.25446762
1298.97919,36.63087969
1298.97919,36.00729176
1293.926674,40.99559131
1293.926674,40.37200338
1293.926674,39.74841545
1293.926674,39.12482753
1293.926674,38.5012396
1293.926674,37.87765167
1288.874158,45.04850897
1288.874158,44.42492104
1288.874158,43.80133311
1288.874158,43.17774519
1288.874158,42.55415726
1288.874158,41.93056933
1288.874158,41.46287838
1283.821642,48.78963267
1283.821642,48.16604474
1283.821642,47.54245681
1283.821642,46.91886888
1283.821642,46.29528095
1283.821642,45.67169302
1278.769126,53.15434429
1278.769126,52.53075636
1278.769126,51.90716843
1278.769126,51.28358051
1278.769126,50.65999258
1278.769126,50.03640465
1278.769126,49.41281672
1273.716609,58.14264385
1273.716609,57.51905592
1273.716609,56.89546799
1273.716609,56.27188006
1273.716609,55.64829213
1273.716609,55.0247042
1273.716609,54.40111627
1273.716609,53.77752834
1268.664093,63.75453133
1268.664093,63.1309434
1268.664093,62.50735547
1268.664093,61.88376754
1268.664093,61.26017961
1268.664093,60.63659168
1268.664093,60.01300375
1268.664093,59.38941583
1268.664093,58.7658279
1263.611577,69.67821277
1263.611577,69.05462485
1263.611577,68.43103692
1263.611577,67.80744899
1263.611577,67.18386106
1263.611577,66.56027313
1263.611577,65.9366852
1263.611577,65.31309727
1263.611577,64.68950934
1263.611577,64.2218184
1258.559061,74.35471836
1258.559061,73.73113043
1258.559061,73.10754251
1258.559061,72.48395458
1258.559061,71.86036665
1258.559061,71.23677872
1258.559061,70.61319079
1258.559061,70.14549984
1253.506545,77.78404809
1253.506545,77.16046017
1253.506545,76.53687224
1253.506545,75.91328431
1253.506545,75.28969638
1253.506545,74.82200543
1245.92777,79.49830908
1248.454028,78.71902611
1248.454028,78.25133516
1238.348996,79.65360025
1238.348996,79.03001232
1233.29648,78.40602051
1233.29648,77.78243258
1233.29648,77.15884465
1230.770222,76.3791578
1228.243964,75.59947095
1228.243964,74.97588302
1228.243964,74.35229509
1228.243964,73.72870717
1228.243964,73.26101622
1223.191447,72.79292139
1223.191447,72.16933346
1223.191447,71.54574554
1223.191447,70.92215761
1223.191447,70.29856968
1218.138931,69.67457787
1218.138931,69.05098994
1215.612673,68.50514857
1213.086415,67.80341021
1213.086415,67.17982228
1213.086415,66.55623435
1210.560157,66.01039297
1208.033899,65.30865461
1208.033899,64.68506668
1208.033899,64.06147875
1208.033899,63.43789083
1202.981383,62.81389902
1202.981383,62.19031109
1202.981383,61.56672316
1200.455125,61.02088178
1197.928867,60.31914342
1197.928867,59.6955555
1197.928867,59.07196757
1197.928867,58.44837964
1195.402608,57.90253826
1192.87635,57.2007999
1192.87635,56.57721197
1192.87635,55.95362404
1192.87635,55.33003611
1192.87635,54.70644819
1192.87635,54.08286026
1192.87635,53.45927233
1187.823834,52.83528052
1187.823834,52.21169259
1187.823834,51.58810466
1187.823834,50.96451673
1187.823834,50.3409288
1187.823834,49.71734088
1187.823834,49.09375295
1187.823834,48.626062
1182.771318,48.15796718
1182.771318,47.53437925
1182.771318,46.91079132
1182.771318,46.28720339
1182.771318,45.66361546
1182.771318,45.04002753
1182.771318,44.4164396
1177.718802,43.79244779
1177.718802,43.16885987
1177.718802,42.54527194
1177.718802,41.92168401
1177.718802,41.29809608
1177.718802,40.67450815
1177.718802,40.05092022
1177.718802,39.42733229
1177.718802,38.80374436
1177.718802,38.18015643
1177.718802,37.55656851
1177.718802,37.08887756
1172.666286,36.62078273
1172.666286,35.9971948
1172.666286,35.37360688
1172.666286,34.75001895
1172.666286,34.12643102
1172.666286,33.50284309
1172.666286,32.87925516
1172.666286,32.25566723
1172.666286,31.6320793
1172.666286,31.00849137
1172.666286,30.38490344
1172.666286,29.76131552
1172.666286,29.13772759
1172.666286,28.51413966
1172.666286,27.89055173
1172.666286,27.2669638
1172.666286,26.79927285
1165.087511,26.33097609
1165.087511,25.70738816
1165.087511,25.08380023
1165.087511,24.4602123
1165.087511,23.83662437
1165.087511,23.21303644
1167.613769,22.74554744
1162.561253,32.56665344
1162.561253,31.94306551
1162.561253,31.31947758
1162.561253,30.69588965
1162.561253,30.07230172
1162.561253,29.44871379
1162.561253,28.82512587
1162.561253,28.20153794
1162.561253,27.57795001
1162.561253,26.95436208
1157.508737,45.03800814
1157.508737,44.41442021
1157.508737,43.79083228
1157.508737,43.16724435
1157.508737,42.54365642
1157.508737,41.9200685
1157.508737,41.29648057
1157.508737,40.67289264
1157.508737,40.04930471
1157.508737,39.42571678
1157.508737,38.80212885
1157.508737,38.17854092
1157.508737,37.55495299
1157.508737,36.93136506
1157.508737,36.30777713
1157.508737,35.68418921
1157.508737,35.06060128
1157.508737,34.43701335
1157.508737,33.81342542
1157.508737,33.18983749
1152.456221,54.70321716
1152.456221,54.07962923
1152.456221,53.4560413
1152.456221,52.83245337
1152.456221,52.20886544
1152.456221,51.58527752
1152.456221,50.96168959
1152.456221,50.33810166
1152.456221,49.71451373
1152.456221,49.0909258
1152.456221,48.46733787
1152.456221,47.84374994
1152.456221,47.22016201
1152.456221,46.59657408
1152.456221,45.97298615
1152.456221,45.50529521
1147.403705,61.5622805
1147.403705,60.93869257
1147.403705,60.31510464
1147.403705,59.69151671
1147.403705,59.06792878
1147.403705,58.44434086
1147.403705,57.82075293
1147.403705,57.197165
1147.403705,56.57357707
1147.403705,55.94998914
1147.403705,55.32640121
1139.82493,65.7708932
1142.351189,64.99161023
1142.351189,64.3680223
1142.351189,63.74443437
1142.351189,63.12084644
1142.351189,62.49725852
1142.351189,62.02956757
1134.772414,67.32945915
1137.298672,66.55017618
1127.19364,66.86116238
1127.19364,66.23757445
1127.19364,65.61398653
1127.19364,64.9903986
1127.19364,64.36681067
1127.19364,63.74322274
1124.667382,63.19738136
1122.141124,62.495643
1122.141124,61.87205507
1122.141124,61.24846714
1122.141124,60.62487922
1119.614866,60.07903784
1114.56235,59.53299452
1106.983575,59.37649172
1106.983575,58.75290379
1106.983575,58.12931587
1106.983575,57.66162492
1101.931059,57.19353009
1101.931059,56.56994216
1101.931059,55.94635424
1101.931059,55.32276631
1101.931059,54.69917838
1101.931059,54.07559045
1101.931059,53.45200252
1101.931059,52.82841459
1101.931059,52.20482666
1101.931059,51.58123873
1101.931059,50.9576508
1096.878543,50.333659
1096.878543,49.71007107
1096.878543,49.08648314
1096.878543,48.46289521
1096.878543,47.83930728
1096.878543,47.21571935
1096.878543,46.59213142
1096.878543,45.96854349
1096.878543,45.34495557
1096.878543,44.72136764
1096.878543,44.25367669
1091.826027,43.78558187
1091.826027,43.16199394
1091.826027,42.53840601
1091.826027,41.91481808
1091.826027,41.29123015
1089.299769,40.74538877
1086.77351,40.04365041
1086.77351,39.42006248
1086.77351,38.79647456
1086.77351,38.17288663
1086.77351,37.5492987
1086.77351,36.92571077
1086.77351,36.30212284
1086.77351,35.67853491
1081.720994,35.0545431
1081.720994,34.43095517
1081.720994,33.80736725
1081.720994,33.18377932
1081.720994,32.56019139
1081.720994,31.93660346
1081.720994,31.31301553
1081.720994,30.6894276
1081.720994,30.06583967
1081.720994,29.44225174
1081.720994,28.81866381
1081.720994,28.19507589
1081.720994,27.57148796
1081.720994,26.94790003
1081.720994,26.3243121
1081.720994,25.70072417
1081.720994,25.07713624
1081.720994,24.45354831
1076.668478,23.8295565
1076.668478,23.20596858
1076.668478,22.58238065
1076.668478,21.95879272
1076.668478,21.33520479
1076.668478,20.71161686
1076.668478,20.08802893
1076.668478,19.464441
1076.668478,18.84085307
1076.668478,18.21726514
1076.668478,17.59367722
1074.14222,16.81399037
1071.615962,16.03430352
1071.615962,15.41071559
1071.615962,14.78712766
1071.615962,14.16353973
1071.615962,13.5399518
1071.615962,12.91636387
1071.615962,12.29277594
1071.615962,11.66918801
1071.615962,11.20149707
1064.037188,10.7332003
1066.563446,10.10981431
1058.984671,15.17586042
1061.51093,14.47452594
1061.51093,13.85093801
1061.51093,13.22735008
1061.51093,12.60376215
1061.51093,11.98017422
1061.51093,11.35658629
1056.458413,21.95717721
1056.458413,21.33358928
1056.458413,20.71000135
1056.458413,20.08641342
1056.458413,19.46282549
1056.458413,18.83923756
1056.458413,18.21564963
1056.458413,17.5920617
1056.458413,16.96847377
1056.458413,16.34488584
1056.458413,15.72129792
1048.879639,28.27039917
1051.405897,27.56906469
1051.405897,26.94547676
1051.405897,26.32188883
1051.405897,25.6983009
1051.405897,25.07471297
1051.405897,24.45112504
1051.405897,23.82753711
1051.405897,23.20394919
1051.405897,22.58036126
1046.353381,33.8045401
1046.353381,33.18095217
1046.353381,32.55736424
1046.353381,31.93377631
1046.353381,31.31018838
1046.353381,30.68660045
1046.353381,30.06301253
1046.353381,29.4394246
1046.353381,28.81583667
1041.300865,44.40513101
1041.300865,43.78154308
1041.300865,43.15795515
1041.300865,42.53436723
1041.300865,41.9107793
1041.300865,41.28719137
1041.300865,40.66360344
1041.300865,40.04001551
1041.300865,39.41642758
1041.300865,38.79283965
1041.300865,38.16925172
1041.300865,37.54566379
1041.300865,36.92207587
1041.300865,36.29848794
1041.300865,35.67490001
1041.300865,35.05131208
1041.300865,34.42772415
1036.248349,58.43545554
1036.248349,57.81186761
1036.248349,57.18827968
1036.248349,56.56469175
1036.248349,55.94110382
1036.248349,55.31751589
1036.248349,54.69392796
1036.248349,54.07034003
1036.248349,53.4467521
1036.248349,52.82316417
1036.248349,52.19957625
1036.248349,51.57598832
1036.248349,50.95240039
1036.248349,50.32881246
1036.248349,49.70522453
1036.248349,49.0816366
1036.248349,48.45804867
1036.248349,47.83446074
1036.248349,47.21087281
1036.248349,46.58728489
1036.248349,45.96369696
1036.248349,45.34010903
1036.248349,44.87241808
1031.195832,69.65963438
1031.195832,69.03604645
1031.195832,68.41245852
1031.195832,67.78887059
1031.195832,67.16528266
1031.195832,66.54169473
1031.195832,65.9181068
1031.195832,65.29451888
1031.195832,64.67093095
1031.195832,64.04734302
1031.195832,63.42375509
1031.195832,62.80016716
1031.195832,62.17657923
1031.195832,61.5529913
1031.195832,60.92940337
1031.195832,60.30581544
1031.195832,59.68222751
1031.195832,59.05863959
1026.143316,77.76587358
1026.143316,77.14228565
1026.143316,76.51869772
1026.143316,75.89510979
1026.143316,75.27152186
1026.143316,74.64793393
1026.143316,74.024346
1026.143316,73.40075807
1026.143316,72.77717014
1026.143316,72.15358222
1026.143316,71.52999429
1026.143316,70.90640636
1026.143316,70.28281843
1021.0908,83.68955502
1021.0908,83.06596709
1021.0908,82.44237916
1021.0908,81.81879124
1021.0908,81.19520331
1021.0908,80.57161538
1021.0908,79.94802745
1021.0908,79.32443952
1021.0908,78.70085159
1021.0908,78.23316064
1016.038284,87.11888475
1016.038284,86.49529682
1016.038284,85.8717089
1016.038284,85.24812097
1016.038284,84.62453304
1016.038284,84.15684209
1008.45951,89.76852763
1010.985768,88.98924466
1010.985768,88.36565673
1010.985768,87.7420688
1003.406993,90.62555716
998.3544772,91.3266897
988.2494449,91.55972742
983.1969287,90.70189014
980.6706706,89.92220329
980.6706706,89.29861536
975.6181544,88.67462355
975.6181544,88.05103562
975.6181544,87.42744769
975.6181544,86.80385976
975.6181544,86.18027183
970.5656382,85.55628003
970.5656382,84.9326921
970.5656382,84.30910417
970.5656382,83.68551624
970.5656382,83.06192831
970.5656382,82.43834038
970.5656382,81.81475245
970.5656382,81.19116452
970.5656382,80.5675766
970.5656382,79.94398867
970.5656382,79.32040074
965.513122,78.69640893
965.513122,78.072821
965.513122,77.44923307
965.513122,76.82564514
965.513122,76.20205722
965.513122,75.57846929
965.513122,74.95488136
965.513122,74.33129343
965.513122,73.7077055
965.513122,73.08411757
965.513122,72.46052964
965.513122,71.83694171
965.513122,71.21335378
965.513122,70.58976585
965.513122,69.96617793
965.513122,69.34259
965.513122,68.71900207
965.513122,68.09541414
960.4606058,67.47142233
960.4606058,66.8478344
960.4606058,66.22424647
960.4606058,65.60065855
960.4606058,64.97707062
960.4606058,64.35348269
960.4606058,63.72989476
960.4606058,63.10630683
960.4606058,62.4827189
960.4606058,61.85913097
960.4606058,61.23554304
960.4606058,60.61195511
960.4606058,59.98836718
960.4606058,59.36477926
960.4606058,58.74119133
960.4606058,58.1176034
960.4606058,57.49401547
960.4606058,56.87042754
960.4606058,56.24683961
957.9343477,55.46715276
952.8818316,54.68726397
952.8818316,54.06367604
952.8818316,53.44008811
952.8818316,52.81650018
952.8818316,52.19291226
952.8818316,51.56932433
952.8818316,50.9457364
950.3555735,55.93423789
950.3555735,55.31064996
945.3030573,65.91124087
945.3030573,65.28765295
945.3030573,64.66406502
945.3030573,64.04047709
945.3030573,63.41688916
945.3030573,62.79330123
945.3030573,62.1697133
945.3030573,61.54612537
945.3030573,60.92253744
945.3030573,60.29894951
945.3030573,59.67536159
945.3030573,59.05177366
945.3030573,58.42818573
945.3030573,57.8045978
945.3030573,57.18100987
945.3030573,56.55742194
937.724283,73.15984473
940.2505411,72.45851025
940.2505411,71.83492232
940.2505411,71.21133439
940.2505411,70.58774646
940.2505411,69.96415853
940.2505411,69.34057061
940.2505411,68.71698268
940.2505411,68.09339475
940.2505411,67.46980682
940.2505411,66.84621889
940.2505411,66.37852794
935.1980249,76.19963395
935.1980249,75.57604602
935.1980249,74.95245809
935.1980249,74.32887016
935.1980249,73.70528223
927.6192506,77.83594644
930.1455087,77.13461196
930.1455087,76.66692101
922.5667344,78.53707898
912.4617021,80.40703501
914.9879602,79.62775204
914.9879602,79.00416411
909.935444,83.6806697
909.935444,83.05708177
909.935444,82.43349384
909.935444,81.80990592
909.935444,81.18631799
904.8829278,88.98076322
904.8829278,88.35717529
904.8829278,87.73358736
904.8829278,87.10999943
904.8829278,86.4864115
904.8829278,85.86282358
904.8829278,85.23923565
904.8829278,84.61564772
904.8829278,84.14795677
897.3041535,92.25399403
899.8304116,91.47471106
899.8304116,90.85112313
899.8304116,90.2275352
899.8304116,89.60394727
892.2516373,93.03307506
884.672863,92.72067528
882.146605,91.94098843
879.6203469,91.16130158
877.0940888,90.6154602
874.5678307,89.91372184
872.0415726,89.13403499
869.5153145,88.35434814
866.9890564,87.57466129
864.4627983,86.79497444
864.4627983,86.3272835
859.4102821,85.85918867
859.4102821,85.23560074
854.3577659,84.61160894
854.3577659,83.98802101
854.3577659,83.52033006
849.3052497,83.05223523
849.3052497,82.42864731
846.7789917,81.64896046
844.2527336,80.86927361
841.7264755,80.08958676
836.6739593,79.15380098
834.1477012,78.37411413
831.6214431,77.59442728
829.095185,76.81474043
829.095185,76.1911525
824.0426688,75.5671607
824.0426688,74.94357277
821.5164107,74.39773139
813.9376364,77.74891069
813.9376364,77.12532276
813.9376364,76.50173483
813.9376364,75.8781469
813.9376364,75.25455898
813.9376364,74.63097105
808.8851203,82.73721024
808.8851203,82.11362232
808.8851203,81.49003439
808.8851203,80.86644646
808.8851203,80.24285853
808.8851203,79.6192706
808.8851203,78.99568267
808.8851203,78.37209474
801.306346,84.60736821
803.8326041,83.98398222
803.8326041,83.3603943
793.7275717,83.98317447
793.7275717,83.35958654
791.2013136,82.57989969
786.1487974,81.64411392
783.6225393,80.86442707
783.6225393,80.24083914
783.6225393,79.77314819
778.5700231,79.30505337
778.5700231,78.68146544
778.5700231,78.05787751
778.5700231,77.43428958
778.5700231,76.81070165
778.5700231,76.18711372
778.5700231,75.56352579
776.043765,75.01768442
773.517507,74.31594606
773.517507,73.69235813
773.517507,73.0687702
773.517507,72.44518227
773.517507,71.82159434
773.517507,71.19800641
773.517507,70.57441848
773.517507,69.95083055
773.517507,69.32724263
773.517507,68.85955168
768.4649908,68.39145685
768.4649908,67.76786892
768.4649908,67.144281
768.4649908,66.52069307
768.4649908,65.89710514
768.4649908,65.27351721
768.4649908,64.64992928
768.4649908,64.02634135
768.4649908,63.40275342
768.4649908,62.77916549
768.4649908,62.15557756
763.4124746,61.53158576
763.4124746,60.90799783
763.4124746,60.2844099
763.4124746,59.66082197
763.4124746,59.03723404
763.4124746,58.41364611
760.8862165,57.63395926
763.4124746,57.32236724
758.3599584,56.85427241
753.3074422,62.15436593
753.3074422,61.530778
753.3074422,60.90719007
753.3074422,60.28360214
753.3074422,59.66001421
753.3074422,59.03642629
753.3074422,58.41283836
753.3074422,57.78925043
748.254926,69.6370172
748.254926,69.01342927
748.254926,68.38984134
748.254926,67.76625341
748.254926,67.14266548
748.254926,66.51907755
748.254926,65.89548963
748.254926,65.2719017
748.254926,64.64831377
748.254926,64.02472584
748.254926,63.40113791
748.254926,62.77754998
740.6761517,76.26203313
743.2024098,75.56069865
743.2024098,74.93711072
743.2024098,74.31352279
743.2024098,73.68993486
743.2024098,73.06634693
743.2024098,72.442759
743.2024098,71.81917107
743.2024098,71.19558314
743.2024098,70.57199521
743.2024098,70.10430427
738.1498937,78.67823441
738.1498937,78.05464648
738.1498937,77.43105855
738.1498937,76.80747063
730.5711194,80.70428936
733.0973775,79.92500639
733.0973775,79.30141846
725.5186032,81.56131889
715.4135708,81.8723051
705.3085384,81.63765187
695.2035061,81.01325618
690.1509899,80.31131588
682.5722156,79.92096761
680.0459575,79.37512623
669.9409251,78.82867904
659.8358928,78.28223184
649.7308604,77.81373314
639.625828,77.34523444
629.5207957,77.50032366
619.4157633,77.5774644
609.3107309,77.26486268
604.2582147,76.56292238
599.2056985,75.93893057
594.1531824,75.31493877
589.1006662,74.69094696
578.9956338,74.76808769
568.8906014,76.32624976
571.4168595,75.54696679
563.8380852,77.8848157
566.3643433,77.10553273
561.3118272,79.2876866
561.3118272,78.66409868
553.7330529,80.9239991
556.259311,80.22266462
556.259311,79.75497367
551.2067948,82.71661246
551.2067948,82.09302453
551.2067948,81.4694366
546.1542786,84.2751784
546.1542786,83.65159047
546.1542786,83.18389953
538.5755043,85.98943939
541.1017624,85.21015642
541.1017624,84.74246547
536.0492462,86.76872236
528.4704719,88.09324089
530.99673,87.39190641
525.9442139,88.63867839
518.3654396,89.41755748
508.2604072,89.72854369
498.1553748,89.64978745
488.0503425,89.10334025
482.9978263,88.40139995
480.4715682,87.85555858
475.419052,87.38746375
475.419052,86.9197728
470.3665358,86.45167798
470.3665358,85.98398703
465.3140196,85.51589221
462.7877615,84.97005083
452.6827292,84.65744911
442.5776968,84.65664135
432.4726644,84.73378209
422.367632,84.81092282
412.2625997,85.27780601
407.2100835,85.97893856
402.1575673,86.91391657
397.1050511,87.77094609
392.0525349,89.01771807
394.578793,88.31638359
387.0000187,90.26449005
389.5262768,89.56315557
384.4737606,90.80992755