Chemical Shift (ppm),Intensity,Integral
-2.182,-0.04,8.0
-2.181,-0.04,8.0
-2.18,-0.04,8.0
-2.179,-0.04,8.0
-2.178,-0.04,8.0
-2.177,-0.04,8.0
-2.176,-0.04,8.0
-2.175,-0.04,8.0
-2.174,-0.04,8.0
-2.173,-0.04,8.0
-2.172,-0.04,8.0
-2.171,-0.04,8.0
-2.17,-0.03,8.0
-2.169,-0.03,8.0
-2.168,-0.03,8.0
-2.167,-0.03,8.0
-2.166,-0.03,8.0
-2.165,-0.03,8.0
-2.164,-0.03,8.0
-2.163,-0.03,8.0
-2.162,-0.03,8.0
-2.161,-0.03,8.0
-2.16,-0.03,8.0
-2.159,-0.03,8.0
-2.158,-0.03,8.0
-2.157,-0.03,8.0
-2.156,-0.03,8.0
-2.155,-0.03,8.0
-2.154,-0.03,8.01
-2.153,-0.03,8.01
-2.152,-0.03,8.01
-2.151,-0.03,8.01
-2.15,-0.03,8.01
-2.149,-0.03,8.01
-2.148,-0.03,8.01
-2.147,-0.02,8.01
-2.146,-0.02,8.01
-2.145,-0.03,8.01
-2.144,-0.02,8.01
-2.143,-0.03,8.01
-2.142,-0.02,8.01
-2.141,-0.02,8.01
-2.14,-0.03,8.01
-2.139,-0.03,8.01
-2.138,-0.02,8.01
-2.137,-0.02,8.01
-2.136,-0.03,8.01
-2.135,-0.02,8.01
-2.134,-0.02,8.01
-2.133,-0.02,8.01
-2.132,-0.02,8.01
-2.131,-0.02,8.01
-2.13,-0.02,8.01
-2.129,-0.02,8.01
-2.128,-0.02,8.01
-2.127,-0.02,8.01
-2.126,-0.02,8.01
-2.125,-0.02,8.01
-2.124,-0.02,8.01
-2.123,-0.03,8.01
-2.122,-0.03,8.01
-2.121,-0.02,8.01
-2.12,-0.02,8.01
-2.119,-0.02,8.01
-2.118,-0.03,8.01
-2.117,-0.02,8.01
-2.116,-0.02,8.01
-2.115,-0.02,8.01
-2.114,-0.02,8.01
-2.113,-0.02,8.01
-2.112,-0.02,8.01
-2.111,-0.02,8.01
-2.11,-0.03,8.01
-2.109,-0.02,8.01
-2.108,-0.02,8.01
-2.107,-0.02,8.01
-2.106,-0.02,8.01
-2.105,-0.02,8.01
-2.104,-0.02,8.01
-2.103,-0.02,8.01
-2.102,-0.02,8.01
-2.101,-0.02,8.01
-2.1,-0.02,8.01
-2.099,-0.02,8.01
-2.098,-0.02,8.01
-2.097,-0.02,8.01
-2.096,-0.02,8.01
-2.095,-0.02,8.01
-2.09,-0.02,8.01
-2.089,-0.02,8.01
-2.088,-0.02,8.01
-2.087,-0.02,8.01
-2.086,-0.02,8.01
-2.085,-0.02,8.01
-2.083,-0.02,8.01
-2.082,-0.02,8.01
-2.081,-0.02,8.01
-2.073,-0.02,8.01
-2.072,-0.02,8.01
-2.061,-0.02,8.01
-2.06,-0.02,8.01
-2.052,-0.02,8.01
-2.051,-0.02,8.01
-2.05,-0.02,8.01
-2.006,-0.02,8.01
-1.684,-0.02,8.01
-1.683,-0.02,8.01
-1.682,-0.02,8.01
-1.681,-0.02,8.01
-1.463,-0.02,8.01
-1.462,-0.02,8.01
-0.712,-0.02,8.01
-0.711,-0.02,8.01
-0.042,0.02,8.01
-0.041,0.02,8.01
-0.04,0.02,8.01
-0.039,0.02,8.01
-0.038,0.02,8.01
-0.037,0.02,8.01
-0.036,0.02,8.01
-0.035,0.02,8.01
-0.034,0.02,8.01
-0.033,0.02,8.01
-0.032,0.02,8.01
-0.031,0.02,8.01
-0.03,0.02,8.01
-0.029,0.03,8.01
-0.028,0.03,8.01
-0.027,0.03,8.01
-0.026,0.03,8.01
-0.025,0.03,8.01
-0.024,0.02,8.01
-0.023,0.03,8.01
-0.022,0.04,8.01
-0.021,0.05,8.01
-0.02,0.04,8.01
-0.019,0.04,8.01
-0.018,0.04,8.01
-0.017,0.05,8.01
-0.016,0.06,8.01
-0.015,0.07,8.01
-0.014,0.07,8.01
-0.013,0.08,8.01
-0.012,0.09,8.01
-0.011,0.11,8.01
-0.01,0.13,8.01
-0.009,0.16,8.01
-0.008,0.2,8.01
-0.007,0.24,8.0
-0.006,0.28,8.0
-0.005,0.35,8.0
-0.004,0.49,8.0
-0.003,0.74,7.99
-0.002,1.2,7.99
-0.001,1.86,7.98
0.0,2.13,7.97
0.001,1.74,7.96
0.002,1.1,7.95
0.003,0.68,7.95
0.004,0.45,7.95
0.005,0.31,7.95
0.006,0.25,7.94
0.007,0.19,7.94
0.008,0.14,7.94
0.009,0.1,7.94
0.01,0.08,7.94
0.011,0.06,7.94
0.012,0.05,7.94
0.013,0.04,7.94
0.014,0.02,7.94
0.015,0.02,7.94
0.016,0.02,7.94
0.017,0.02,7.94
0.018,0.02,7.94
0.019,0.02,7.94
0.588,0.02,7.94
0.589,0.02,7.94
0.59,0.03,7.94
0.591,0.04,7.94
0.592,0.04,7.94
0.593,0.04,7.94
0.594,0.05,7.94
0.595,0.07,7.94
0.596,0.09,7.94
0.597,0.13,7.94
0.598,0.14,7.94
0.599,0.12,7.94
0.6,0.09,7.94
0.601,0.06,7.94
0.602,0.05,7.94
0.603,0.05,7.93
0.604,0.05,7.93
0.605,0.06,7.93
0.606,0.06,7.93
0.607,0.07,7.93
0.608,0.09,7.93
0.609,0.1,7.93
0.61,0.1,7.93
0.611,0.1,7.93
0.612,0.11,7.93
0.613,0.12,7.93
0.614,0.14,7.93
0.615,0.14,7.93
0.616,0.13,7.93
0.617,0.12,7.93
0.618,0.1,7.93
0.619,0.09,7.93
0.62,0.09,7.93
0.621,0.08,7.93
0.622,0.08,7.93
0.623,0.07,7.93
0.624,0.06,7.92
0.625,0.05,7.92
0.626,0.04,7.92
0.627,0.04,7.92
0.628,0.05,7.92
0.629,0.06,7.92
0.63,0.09,7.92
0.631,0.13,7.92
0.632,0.14,7.92
0.633,0.12,7.92
0.634,0.08,7.92
0.635,0.05,7.92
0.636,0.03,7.92
0.637,0.02,7.92
0.638,0.02,7.92
0.639,0.02,7.92
1.545,0.02,7.92
1.593,0.02,7.92
1.695,0.02,7.92
1.715,0.02,7.92
1.716,0.02,7.92
1.717,0.02,7.92
1.718,0.02,7.92
1.719,0.02,7.92
1.72,0.02,7.92
1.721,0.02,7.92
1.722,0.03,7.92
1.723,0.03,7.92
1.724,0.04,7.92
1.725,0.05,7.92
1.726,0.05,7.92
1.727,0.05,7.92
1.728,0.04,7.92
1.729,0.04,7.92
1.73,0.03,7.92
1.731,0.02,7.92
1.732,0.03,7.92
1.733,0.03,7.92
1.734,0.04,7.92
1.735,0.04,7.92
1.736,0.05,7.92
1.737,0.05,7.92
1.738,0.05,7.92
1.739,0.05,7.92
1.74,0.06,7.91
1.741,0.07,7.91
1.742,0.08,7.91
1.743,0.08,7.91
1.744,0.07,7.91
1.745,0.06,7.91
1.746,0.06,7.91
1.747,0.07,7.91
1.748,0.08,7.91
1.749,0.08,7.91
1.75,0.08,7.91
1.751,0.07,7.91
1.752,0.07,7.91
1.753,0.06,7.91
1.754,0.06,7.91
1.755,0.06,7.91
1.756,0.08,7.91
1.757,0.11,7.91
1.758,0.12,7.91
1.759,0.13,7.91
1.76,0.12,7.91
1.761,0.1,7.91
1.762,0.08,7.91
1.763,0.07,7.91
1.764,0.07,7.9
1.765,0.07,7.9
1.766,0.07,7.9
1.767,0.08,7.9
1.768,0.08,7.9
1.769,0.07,7.9
1.77,0.07,7.9
1.771,0.06,7.9
1.772,0.06,7.9
1.773,0.07,7.9
1.774,0.08,7.9
1.775,0.08,7.9
1.776,0.07,7.9
1.777,0.05,7.9
1.778,0.04,7.9
1.779,0.04,7.9
1.78,0.05,7.9
1.781,0.05,7.9
1.782,0.04,7.9
1.783,0.02,7.9
1.784,0.02,7.9
1.785,0.02,7.9
1.786,0.02,7.9
1.787,0.02,7.9
1.788,0.02,7.9
1.789,0.02,7.9
1.79,0.03,7.9
1.791,0.04,7.9
1.792,0.04,7.9
1.793,0.03,7.9
1.794,0.03,7.9
1.795,0.02,7.9
1.797,0.02,7.9
2.16,0.02,7.9
2.161,0.02,7.9
2.162,0.02,7.9
2.163,0.02,7.9
2.593,-0.02,7.9
2.646,-0.02,7.9
2.647,-0.03,7.9
2.648,-0.02,7.9
2.649,-0.02,7.9
2.65,-0.02,7.9
2.651,-0.02,7.9
2.652,-0.02,7.9
2.653,-0.02,7.9
2.654,-0.02,7.9
2.657,0.02,7.9
2.658,0.02,7.9
2.659,0.02,7.9
2.68,0.02,7.9
2.681,0.02,7.9
2.682,0.02,7.9
2.683,0.02,7.9
2.686,0.02,7.9
2.687,0.02,7.9
2.703,0.02,7.9
2.704,0.02,7.9
2.718,0.02,7.9
2.719,0.02,7.9
2.72,0.02,7.9
2.789,0.02,7.9
2.79,0.02,7.9
2.813,0.02,7.9
2.823,0.02,7.9
2.824,0.02,7.9
2.825,0.02,7.9
2.844,0.02,7.9
2.845,0.03,7.9
2.846,0.03,7.9
2.847,0.03,7.9
2.848,0.03,7.89
2.849,0.02,7.89
2.85,0.02,7.89
2.851,0.02,7.89
2.852,0.02,7.89
2.853,0.02,7.89
2.864,0.02,7.89
2.865,0.03,7.89
2.866,0.03,7.89
2.867,0.03,7.89
2.868,0.03,7.89
2.869,0.03,7.89
2.87,0.03,7.89
2.871,0.03,7.89
2.872,0.03,7.89
2.873,0.02,7.89
2.874,0.02,7.89
2.875,0.03,7.89
2.876,0.03,7.89
2.877,0.03,7.89
2.878,0.03,7.89
2.879,0.03,7.89
2.88,0.02,7.89
2.881,0.02,7.89
2.882,0.02,7.89
2.885,0.02,7.89
2.886,0.03,7.89
2.887,0.03,7.89
2.888,0.04,7.89
2.889,0.05,7.89
2.89,0.06,7.89
2.891,0.08,7.89
2.892,0.1,7.89
2.893,0.14,7.89
2.894,0.18,7.89
2.895,0.19,7.89
2.896,0.16,7.89
2.897,0.12,7.89
2.898,0.09,7.88
2.899,0.07,7.88
2.9,0.06,7.88
2.901,0.06,7.88
2.902,0.07,7.88
2.903,0.07,7.88
2.904,0.09,7.88
2.905,0.1,7.88
2.906,0.11,7.88
2.907,0.11,7.88
2.908,0.13,7.88
2.909,0.16,7.88
2.91,0.18,7.88
2.911,0.18,7.88
2.912,0.16,7.88
2.913,0.13,7.88
2.914,0.12,7.88
2.915,0.11,7.88
2.916,0.1,7.87
2.917,0.09,7.87
2.918,0.08,7.87
2.919,0.07,7.87
2.92,0.06,7.87
2.921,0.06,7.87
2.922,0.06,7.87
2.923,0.07,7.87
2.924,0.09,7.87
2.925,0.13,7.87
2.926,0.15,7.87
2.927,0.15,7.87
2.928,0.12,7.87
2.929,0.09,7.87
2.93,0.06,7.87
2.931,0.04,7.87
2.932,0.03,7.87
2.933,0.03,7.87
2.934,0.03,7.87
2.935,0.02,7.87
2.936,0.02,7.87
2.937,0.02,7.87
2.962,0.02,7.87
2.963,0.02,7.87
2.964,0.03,7.87
2.965,0.03,7.87
2.966,0.02,7.87
2.967,0.02,7.87
2.968,0.03,7.87
2.969,0.02,7.87
2.972,0.02,7.87
2.973,0.02,7.87
2.974,0.02,7.87
2.975,0.02,7.87
2.976,0.02,7.87
2.977,0.03,7.87
2.978,0.03,7.87
2.979,0.03,7.86
2.98,0.03,7.86
2.981,0.03,7.86
2.982,0.02,7.86
2.983,0.03,7.86
2.984,0.03,7.86
2.985,0.02,7.86
2.986,0.02,7.86
2.987,0.02,7.86
2.988,0.02,7.86
2.989,0.03,7.86
2.99,0.02,7.86
2.993,0.02,7.86
2.994,0.02,7.86
2.996,0.02,7.86
2.997,0.02,7.86
2.998,0.03,7.86
2.999,0.03,7.86
3.0,0.03,7.86
3.001,0.02,7.86
3.002,0.02,7.86
3.003,0.02,7.86
3.028,0.02,7.86
3.029,0.02,7.86
3.03,0.02,7.86
3.031,0.02,7.86
3.037,0.02,7.86
3.038,0.03,7.86
3.039,0.04,7.86
3.04,0.04,7.86
3.041,0.04,7.86
3.042,0.04,7.86
3.043,0.04,7.86
3.044,0.05,7.86
3.045,0.06,7.86
3.046,0.07,7.86
3.047,0.07,7.86
3.048,0.07,7.86
3.049,0.07,7.86
3.05,0.08,7.86
3.051,0.08,7.86
3.052,0.07,7.86
3.053,0.06,7.86
3.054,0.04,7.86
3.055,0.03,7.86
3.059,-0.02,7.86
3.06,-0.02,7.86
3.061,-0.03,7.86
3.062,-0.04,7.86
3.063,-0.06,7.86
3.064,-0.06,7.86
3.065,-0.06,7.86
3.066,-0.05,7.86
3.067,-0.04,7.86
3.068,-0.02,7.86
3.078,0.02,7.86
3.079,0.02,7.86
3.08,0.02,7.86
3.088,0.02,7.86
3.108,0.02,7.86
3.11,0.02,7.86
3.111,0.02,7.86
3.184,0.02,7.86
3.185,0.02,7.86
3.186,0.02,7.86
3.217,0.02,7.86
3.239,0.02,7.86
3.24,0.02,7.86
3.241,0.02,7.86
3.267,0.02,7.86
3.314,0.02,7.86
3.328,0.02,7.86
3.329,0.02,7.86
3.33,0.02,7.86
3.331,0.02,7.86
3.332,0.02,7.86
3.351,0.02,7.86
3.352,0.02,7.86
3.353,0.02,7.86
3.354,0.02,7.86
3.355,0.02,7.86
3.356,0.02,7.86
3.357,0.02,7.86
3.358,0.02,7.86
3.359,0.03,7.86
3.36,0.03,7.86
3.361,0.02,7.86
3.362,0.02,7.86
3.363,0.02,7.86
3.364,0.02,7.86
3.365,0.02,7.85
3.366,0.02,7.85
3.367,0.02,7.85
3.368,0.02,7.85
3.444,0.02,7.85
3.445,0.02,7.85
3.446,0.02,7.85
3.447,0.02,7.85
3.448,0.02,7.85
3.449,0.02,7.85
3.45,0.02,7.85
3.451,0.02,7.85
3.452,0.02,7.85
3.453,0.02,7.85
3.454,0.02,7.85
3.455,0.02,7.85
3.456,0.03,7.85
3.457,0.03,7.85
3.458,0.03,7.85
3.459,0.03,7.85
3.46,0.02,7.85
3.461,0.02,7.85
3.462,0.02,7.85
3.463,0.02,7.85
3.464,0.02,7.85
3.465,0.02,7.85
3.466,0.02,7.85
3.472,0.02,7.85
3.476,0.02,7.85
3.477,0.02,7.85
3.48,0.02,7.85
3.481,0.02,7.85
3.482,0.02,7.85
3.483,0.02,7.85
3.484,0.02,7.85
3.488,0.02,7.85
3.489,0.02,7.85
3.49,0.02,7.85
3.491,0.02,7.85
3.492,0.02,7.85
3.5,0.02,7.85
3.501,0.02,7.85
3.502,0.02,7.85
3.504,0.02,7.85
3.505,0.02,7.85
3.51,0.02,7.85
3.511,0.02,7.85
3.512,0.02,7.85
3.513,0.02,7.85
3.514,0.02,7.85
3.515,0.02,7.85
3.516,0.03,7.85
3.517,0.02,7.85
3.518,0.02,7.85
3.519,0.02,7.85
3.52,0.02,7.85
3.521,0.02,7.85
3.522,0.02,7.85
3.523,0.02,7.85
3.524,0.02,7.85
3.525,0.02,7.85
3.526,0.02,7.85
3.527,0.02,7.85
3.528,0.02,7.85
3.529,0.02,7.85
3.53,0.02,7.85
3.534,0.02,7.85
3.535,0.02,7.85
3.536,0.02,7.85
3.537,0.03,7.85
3.538,0.03,7.85
3.539,0.03,7.85
3.54,0.03,7.85
3.541,0.03,7.85
3.542,0.03,7.85
3.543,0.03,7.85
3.544,0.02,7.85
3.545,0.02,7.85
3.546,0.02,7.85
3.547,0.02,7.85
3.548,0.02,7.85
3.549,0.02,7.85
3.55,0.02,7.85
3.551,0.02,7.85
3.552,0.02,7.85
3.553,0.02,7.85
3.554,0.02,7.85
3.555,0.02,7.85
3.556,0.02,7.85
3.561,0.02,7.85
3.562,0.02,7.84
3.563,0.03,7.84
3.564,0.02,7.84
3.565,0.02,7.84
3.566,0.02,7.84
3.567,0.02,7.84
3.568,0.02,7.84
3.569,0.02,7.84
3.571,0.02,7.84
3.572,0.02,7.84
3.573,0.02,7.84
3.574,0.02,7.84
3.575,0.03,7.84
3.576,0.02,7.84
3.577,0.02,7.84
3.578,0.02,7.84
3.579,0.02,7.84
3.58,0.03,7.84
3.581,0.03,7.84
3.582,0.03,7.84
3.583,0.03,7.84
3.584,0.04,7.84
3.585,0.04,7.84
3.586,0.04,7.84
3.587,0.04,7.84
3.588,0.03,7.84
3.589,0.03,7.84
3.59,0.02,7.84
3.591,0.02,7.84
3.592,0.02,7.84
3.593,0.02,7.84
3.594,0.02,7.84
3.595,0.02,7.84
3.596,0.02,7.84
3.597,0.02,7.84
3.598,0.02,7.84
3.599,0.02,7.84
3.6,0.02,7.84
3.603,0.02,7.84
3.604,0.02,7.84
3.605,0.02,7.84
3.606,0.02,7.84
3.607,0.02,7.84
3.608,0.02,7.84
3.609,0.02,7.84
3.61,0.02,7.84
3.611,0.02,7.84
3.612,0.02,7.84
3.613,0.02,7.84
3.614,0.02,7.84
3.615,0.02,7.84
3.616,0.02,7.84
3.617,0.02,7.84
3.618,0.02,7.84
3.619,0.02,7.84
3.62,0.02,7.84
3.621,0.02,7.84
3.622,0.02,7.84
3.623,0.02,7.84
3.628,0.02,7.84
3.629,0.02,7.84
3.63,0.03,7.84
3.631,0.04,7.84
3.632,0.03,7.84
3.633,0.04,7.84
3.634,0.04,7.84
3.635,0.04,7.84
3.636,0.03,7.84
3.637,0.03,7.84
3.638,0.02,7.84
3.639,0.02,7.84
3.64,0.02,7.84
3.641,0.02,7.84
3.642,0.02,7.84
3.643,0.03,7.84
3.644,0.03,7.84
3.645,0.04,7.84
3.646,0.04,7.84
3.647,0.04,7.83
3.648,0.05,7.83
3.649,0.06,7.83
3.65,0.06,7.83
3.651,0.06,7.83
3.652,0.05,7.83
3.653,0.04,7.83
3.654,0.04,7.83
3.655,0.05,7.83
3.656,0.05,7.83
3.657,0.05,7.83
3.658,0.05,7.83
3.659,0.04,7.83
3.66,0.04,7.83
3.661,0.05,7.83
3.662,0.05,7.83
3.663,0.05,7.83
3.664,0.05,7.83
3.665,0.04,7.83
3.666,0.04,7.83
3.667,0.05,7.83
3.668,0.06,7.83
3.669,0.06,7.83
3.67,0.07,7.83
3.671,0.07,7.83
3.672,0.07,7.83
3.673,0.07,7.83
3.674,0.07,7.83
3.675,0.07,7.83
3.676,0.08,7.83
3.677,0.09,7.83
3.678,0.11,7.83
3.679,0.15,7.82
3.68,0.21,7.82
3.681,0.31,7.82
3.682,0.45,7.82
3.683,0.56,7.82
3.684,0.53,7.81
3.685,0.41,7.81
3.686,0.28,7.81
3.687,0.2,7.81
3.688,0.15,7.81
3.689,0.12,7.81
3.69,0.11,7.81
3.691,0.09,7.81
3.692,0.08,7.81
3.693,0.08,7.81
3.694,0.07,7.81
3.695,0.07,7.81
3.696,0.07,7.81
3.697,0.07,7.8
3.698,0.07,7.8
3.699,0.08,7.8
3.7,0.08,7.8
3.701,0.08,7.8
3.702,0.07,7.8
3.703,0.07,7.8
3.704,0.07,7.8
3.705,0.07,7.8
3.706,0.08,7.8
3.707,0.08,7.8
3.708,0.08,7.8
3.709,0.08,7.8
3.71,0.09,7.8
3.711,0.09,7.8
3.712,0.09,7.8
3.713,0.09,7.8
3.714,0.08,7.8
3.715,0.07,7.8
3.716,0.08,7.8
3.717,0.08,7.8
3.718,0.09,7.8
3.719,0.09,7.8
3.72,0.09,7.8
3.721,0.09,7.79
3.722,0.09,7.79
3.723,0.09,7.79
3.724,0.1,7.79
3.725,0.1,7.79
3.726,0.1,7.79
3.727,0.1,7.79
3.728,0.1,7.79
3.729,0.1,7.79
3.73,0.11,7.79
3.731,0.12,7.79
3.732,0.12,7.79
3.733,0.12,7.79
3.734,0.12,7.79
3.735,0.13,7.79
3.736,0.13,7.79
3.737,0.14,7.79
3.738,0.14,7.78
3.739,0.14,7.78
3.74,0.13,7.78
3.741,0.14,7.78
3.742,0.15,7.78
3.743,0.16,7.78
3.744,0.16,7.78
3.745,0.16,7.78
3.746,0.16,7.78
3.747,0.15,7.78
3.748,0.15,7.78
3.749,0.16,7.78
3.75,0.16,7.78
3.751,0.17,7.77
3.752,0.18,7.77
3.753,0.19,7.77
3.754,0.19,7.77
3.755,0.19,7.77
3.756,0.19,7.77
3.757,0.2,7.77
3.758,0.2,7.77
3.759,0.21,7.77
3.76,0.22,7.77
3.761,0.22,7.76
3.762,0.23,7.76
3.763,0.24,7.76
3.764,0.24,7.76
3.765,0.25,7.76
3.766,0.26,7.76
3.767,0.27,7.76
3.768,0.27,7.75
3.769,0.28,7.75
3.77,0.29,7.75
3.771,0.3,7.75
3.772,0.31,7.75
3.773,0.31,7.75
3.774,0.33,7.75
3.775,0.34,7.74
3.776,0.36,7.74
3.777,0.37,7.74
3.778,0.39,7.74
3.779,0.4,7.74
3.78,0.42,7.73
3.781,0.43,7.73
3.782,0.44,7.73
3.783,0.46,7.73
3.784,0.48,7.72
3.785,0.5,7.72
3.786,0.53,7.72
3.787,0.55,7.72
3.788,0.58,7.71
3.789,0.61,7.71
3.79,0.63,7.71
3.791,0.64,7.7
3.792,0.65,7.7
3.793,0.68,7.7
3.794,0.72,7.69
3.795,0.76,7.69
3.796,0.78,7.68
3.797,0.81,7.68
3.798,0.85,7.68
3.799,0.89,7.67
3.8,0.94,7.67
3.801,0.99,7.66
3.802,1.04,7.66
3.803,1.1,7.65
3.804,1.18,7.64
3.805,1.23,7.64
3.806,1.29,7.63
3.807,1.37,7.62
3.808,1.47,7.62
3.809,1.58,7.61
3.81,1.7,7.6
3.811,1.81,7.59
3.812,1.94,7.58
3.813,2.11,7.57
3.814,2.28,7.56
3.815,2.5,7.54
3.816,2.77,7.53
3.817,3.05,7.51
3.818,3.37,7.5
3.819,3.81,7.48
3.82,4.31,7.45
3.821,4.94,7.43
3.822,5.86,7.4
3.823,6.99,7.36
3.824,8.59,7.32
3.825,11.3,7.26
3.826,15.22,7.18
3.827,21.96,7.06
3.828,35.39,6.88
3.829,55.79,6.59
3.83,82.57,6.16
3.831,100.0,5.64
3.832,85.42,5.2
3.833,59.16,4.89
3.834,38.13,4.69
3.835,23.9,4.56
3.836,16.45,4.48
3.837,11.84,4.42
3.838,8.5,4.37
3.839,6.46,4.34
3.84,5.02,4.31
3.841,3.84,4.29
3.842,3.04,4.28
3.843,2.45,4.27
3.844,1.96,4.26
3.845,1.63,4.25
3.846,1.4,4.24
3.847,1.2,4.23
3.848,1.05,4.23
3.849,0.93,4.22
3.85,0.81,4.22
3.851,0.71,4.21
3.852,0.63,4.21
3.853,0.57,4.21
3.854,0.52,4.21
3.855,0.48,4.2
3.856,0.44,4.2
3.857,0.39,4.2
3.858,0.36,4.2
3.859,0.34,4.2
3.86,0.32,4.19
3.861,0.3,4.19
3.862,0.28,4.19
3.863,0.27,4.19
3.864,0.25,4.19
3.865,0.23,4.19
3.866,0.21,4.19
3.867,0.2,4.18
3.868,0.2,4.18
3.869,0.2,4.18
3.87,0.2,4.18
3.871,0.19,4.18
3.872,0.17,4.18
3.873,0.15,4.18
3.874,0.14,4.18
3.875,0.13,4.18
3.876,0.13,4.18
3.877,0.13,4.18
3.878,0.13,4.18
3.879,0.14,4.17
3.88,0.14,4.17
3.881,0.13,4.17
3.882,0.11,4.17
3.883,0.1,4.17
3.884,0.09,4.17
3.885,0.09,4.17
3.886,0.09,4.17
3.887,0.09,4.17
3.888,0.09,4.17
3.889,0.09,4.17
3.89,0.09,4.17
3.891,0.08,4.17
3.892,0.08,4.17
3.893,0.08,4.17
3.894,0.08,4.17
3.895,0.07,4.17
3.896,0.07,4.17
3.897,0.06,4.17
3.898,0.06,4.17
3.899,0.06,4.17
3.9,0.06,4.17
3.901,0.06,4.17
3.902,0.07,4.16
3.903,0.07,4.16
3.904,0.07,4.16
3.905,0.07,4.16
3.906,0.07,4.16
3.907,0.07,4.16
3.908,0.06,4.16
3.909,0.06,4.16
3.91,0.06,4.16
3.911,0.06,4.16
3.912,0.05,4.16
3.913,0.05,4.16
3.914,0.05,4.16
3.915,0.04,4.16
3.916,0.04,4.16
3.917,0.03,4.16
3.918,0.02,4.16
3.919,0.03,4.16
3.92,0.03,4.16
3.921,0.03,4.16
3.922,0.03,4.16
3.923,0.03,4.16
3.924,0.03,4.16
3.925,0.03,4.16
3.926,0.03,4.16
3.927,0.03,4.16
3.928,0.03,4.16
3.929,0.03,4.16
3.93,0.03,4.16
3.931,0.03,4.16
3.932,0.03,4.16
3.933,0.03,4.16
3.934,0.03,4.16
3.935,0.03,4.16
3.936,0.04,4.16
3.937,0.04,4.16
3.938,0.04,4.16
3.939,0.04,4.16
3.94,0.04,4.16
3.941,0.04,4.16
3.942,0.04,4.16
3.943,0.03,4.16
3.944,0.03,4.16
3.945,0.03,4.16
3.946,0.04,4.16
3.947,0.04,4.16
3.948,0.04,4.15
3.949,0.04,4.15
3.95,0.03,4.15
3.951,0.03,4.15
3.952,0.03,4.15
3.953,0.03,4.15
3.954,0.03,4.15
3.955,0.03,4.15
3.956,0.03,4.15
3.957,0.03,4.15
3.958,0.03,4.15
3.959,0.03,4.15
3.96,0.03,4.15
3.961,0.03,4.15
3.962,0.04,4.15
3.963,0.05,4.15
3.964,0.05,4.15
3.965,0.06,4.15
3.966,0.07,4.15
3.967,0.07,4.15
3.968,0.09,4.15
3.969,0.12,4.15
3.97,0.16,4.15
3.971,0.24,4.15
3.972,0.36,4.15
3.973,0.49,4.14
3.974,0.54,4.14
3.975,0.44,4.14
3.976,0.31,4.14
3.977,0.2,4.14
3.978,0.14,4.14
3.979,0.11,4.13
3.98,0.08,4.13
3.981,0.06,4.13
3.982,0.06,4.13
3.983,0.05,4.13
3.984,0.05,4.13
3.985,0.05,4.13
3.986,0.04,4.13
3.987,0.03,4.13
3.988,0.02,4.13
3.989,0.02,4.13
3.99,0.02,4.13
3.991,0.02,4.13
3.992,0.02,4.13
3.993,0.02,4.13
3.994,0.02,4.13
3.995,0.02,4.13
3.996,0.02,4.13
3.997,0.02,4.13
3.998,0.03,4.13
3.999,0.02,4.13
4.0,0.02,4.13
4.001,0.02,4.13
4.002,0.02,4.13
4.003,0.02,4.13
4.004,0.02,4.13
4.005,0.02,4.13
4.015,0.02,4.13
4.016,0.02,4.13
4.017,0.02,4.13
4.018,0.02,4.13
4.019,0.03,4.13
4.02,0.03,4.13
4.021,0.03,4.13
4.022,0.04,4.13
4.023,0.04,4.13
4.024,0.04,4.13
4.025,0.03,4.13
4.026,0.02,4.13
4.027,0.02,4.13
4.028,0.02,4.13
4.029,0.02,4.13
4.03,0.02,4.13
4.031,0.02,4.13
4.032,0.03,4.13
4.033,0.04,4.13
4.034,0.04,4.13
4.035,0.04,4.13
4.036,0.04,4.13
4.037,0.04,4.13
4.038,0.04,4.13
4.039,0.03,4.13
4.04,0.03,4.13
4.041,0.02,4.13
4.042,0.02,4.13
4.043,0.02,4.13
4.044,0.02,4.13
4.045,0.02,4.13
4.046,0.02,4.13
4.047,0.02,4.13
4.05,0.02,4.13
4.051,0.02,4.13
4.052,0.02,4.13
4.053,0.02,4.13
4.054,0.02,4.13
4.055,0.02,4.13
4.056,0.02,4.12
4.057,0.02,4.12
4.058,0.02,4.12
4.059,0.02,4.12
4.06,0.02,4.12
4.061,0.02,4.12
4.062,0.02,4.12
4.063,0.02,4.12
4.067,0.02,4.12
4.068,0.02,4.12
4.069,0.02,4.12
4.07,0.02,4.12
4.091,0.02,4.12
4.102,0.02,4.12
4.103,0.02,4.12
4.104,0.02,4.12
4.107,0.02,4.12
4.108,0.02,4.12
4.11,0.02,4.12
4.111,0.02,4.12
4.155,0.02,4.12
4.174,0.02,4.12
4.209,0.02,4.12
4.224,0.02,4.12
4.225,0.02,4.12
4.226,0.02,4.12
4.227,0.02,4.12
4.228,0.02,4.12
4.242,0.02,4.12
4.243,0.02,4.12
4.249,0.02,4.12
4.25,0.02,4.12
4.258,0.02,4.12
4.259,0.02,4.12
4.26,0.02,4.12
4.261,0.02,4.12
4.268,0.02,4.12
4.271,0.02,4.12
4.272,0.02,4.12
4.273,0.02,4.12
4.274,0.02,4.12
4.288,0.02,4.12
4.289,0.02,4.12
4.29,0.02,4.12
4.291,0.02,4.12
4.296,0.02,4.12
4.297,0.02,4.12
4.298,0.02,4.12
4.303,0.02,4.12
4.304,0.02,4.12
4.305,0.02,4.12
4.306,0.02,4.12
4.307,0.02,4.12
4.308,0.02,4.12
4.327,0.02,4.12
4.329,0.02,4.12
4.33,0.02,4.12
4.331,0.02,4.12
4.348,0.02,4.12
4.349,0.02,4.12
4.35,0.02,4.12
4.351,0.02,4.12
4.353,0.02,4.12
4.354,0.02,4.12
4.357,0.02,4.12
4.362,0.02,4.12
4.363,0.02,4.12
4.364,0.02,4.12
4.365,0.02,4.12
4.37,0.02,4.12
4.378,0.02,4.12
4.379,0.02,4.12
4.38,0.02,4.12
4.386,0.02,4.12
4.387,0.02,4.12
4.388,0.02,4.12
4.389,0.02,4.12
4.39,0.02,4.12
4.391,0.02,4.12
4.392,0.02,4.12
4.406,0.02,4.12
4.407,0.02,4.12
4.408,0.02,4.12
4.409,0.02,4.12
4.41,0.02,4.12
4.411,0.02,4.12
4.412,0.02,4.12
4.413,0.02,4.12
4.414,0.02,4.12
4.415,0.02,4.12
4.416,0.03,4.12
4.417,0.03,4.12
4.418,0.02,4.12
4.419,0.02,4.12
4.42,0.02,4.12
4.421,0.02,4.11
4.422,0.02,4.11
4.423,0.02,4.11
4.424,0.02,4.11
4.434,0.02,4.11
4.435,0.02,4.11
4.436,0.02,4.11
4.437,0.02,4.11
4.438,0.02,4.11
4.439,0.02,4.11
4.44,0.02,4.11
4.441,0.02,4.11
4.442,0.02,4.11
4.446,0.02,4.11
4.447,0.02,4.11
4.453,0.02,4.11
4.467,0.02,4.11
4.468,0.02,4.11
4.471,0.02,4.11
4.472,0.02,4.11
4.473,0.02,4.11
4.474,0.02,4.11
4.486,0.02,4.11
4.487,0.02,4.11
4.488,0.02,4.11
4.489,0.02,4.11
4.49,0.02,4.11
4.494,0.02,4.11
4.495,0.02,4.11
4.496,0.02,4.11
4.497,0.02,4.11
4.498,0.02,4.11
4.499,0.02,4.11
4.5,0.02,4.11
4.501,0.02,4.11
4.502,0.02,4.11
4.503,0.02,4.11
4.504,0.02,4.11
4.505,0.02,4.11
4.512,0.02,4.11
4.513,0.02,4.11
4.514,0.02,4.11
4.515,0.02,4.11
4.516,0.02,4.11
4.517,0.02,4.11
4.518,0.03,4.11
4.519,0.03,4.11
4.52,0.03,4.11
4.521,0.03,4.11
4.522,0.03,4.11
4.523,0.02,4.11
4.524,0.02,4.11
4.525,0.02,4.11
4.526,0.02,4.11
4.527,0.02,4.11
4.528,0.02,4.11
4.529,0.03,4.11
4.53,0.03,4.11
4.531,0.02,4.11
4.532,0.02,4.11
4.533,0.02,4.11
4.534,0.02,4.11
4.535,0.02,4.11
4.536,0.02,4.11
4.537,0.02,4.11
4.538,0.02,4.11
4.539,0.02,4.11
4.54,0.02,4.11
4.541,0.02,4.11
4.542,0.03,4.11
4.543,0.03,4.11
4.544,0.03,4.11
4.545,0.03,4.11
4.546,0.04,4.11
4.547,0.04,4.11
4.548,0.03,4.11
4.549,0.02,4.11
4.554,0.02,4.11
4.557,0.02,4.11
4.558,0.02,4.11
4.559,0.02,4.11
4.56,0.02,4.11
4.561,0.02,4.11
4.568,0.02,4.11
4.569,0.03,4.11
4.57,0.03,4.11
4.571,0.02,4.11
4.572,0.02,4.1
4.573,0.02,4.1
4.574,0.03,4.1
4.575,0.03,4.1
4.576,0.02,4.1
4.577,0.03,4.1
4.578,0.03,4.1
4.579,0.03,4.1
4.58,0.03,4.1
4.581,0.02,4.1
4.582,0.02,4.1
4.585,0.02,4.1
4.586,0.02,4.1
4.587,0.03,4.1
4.588,0.02,4.1
4.589,0.02,4.1
4.59,0.03,4.1
4.591,0.04,4.1
4.592,0.04,4.1
4.593,0.04,4.1
4.594,0.04,4.1
4.595,0.05,4.1
4.596,0.06,4.1
4.597,0.08,4.1
4.598,0.09,4.1
4.599,0.09,4.1
4.6,0.09,4.1
4.601,0.08,4.1
4.602,0.07,4.1
4.603,0.06,4.1
4.604,0.04,4.1
4.605,0.03,4.1
4.609,-0.03,4.1
4.61,-0.04,4.1
4.611,-0.04,4.1
4.612,-0.05,4.1
4.613,-0.05,4.1
4.614,-0.05,4.1
4.615,-0.04,4.1
4.616,-0.03,4.1
4.617,-0.02,4.1
4.62,0.02,4.1
4.625,0.02,4.1
4.626,0.03,4.1
4.627,0.03,4.1
4.628,0.03,4.1
4.629,0.02,4.1
4.63,0.02,4.1
4.631,0.02,4.1
4.632,0.03,4.1
4.633,0.03,4.1
4.634,0.03,4.1
4.635,0.03,4.1
4.636,0.03,4.1
4.637,0.03,4.1
4.638,0.03,4.1
4.639,0.03,4.1
4.64,0.04,4.1
4.641,0.04,4.1
4.642,0.04,4.1
4.643,0.03,4.1
4.644,0.03,4.1
4.645,0.04,4.1
4.646,0.04,4.1
4.647,0.04,4.1
4.648,0.05,4.1
4.649,0.06,4.1
4.65,0.07,4.1
4.651,0.07,4.09
4.652,0.07,4.09
4.653,0.07,4.09
4.654,0.06,4.09
4.655,0.06,4.09
4.656,0.06,4.09
4.657,0.06,4.09
4.658,0.05,4.09
4.659,0.05,4.09
4.66,0.04,4.09
4.661,0.04,4.09
4.662,0.04,4.09
4.663,0.05,4.09
4.664,0.05,4.09
4.665,0.05,4.09
4.666,0.05,4.09
4.667,0.05,4.09
4.668,0.05,4.09
4.669,0.05,4.09
4.67,0.05,4.09
4.671,0.05,4.09
4.672,0.06,4.09
4.673,0.06,4.09
4.674,0.06,4.09
4.675,0.06,4.09
4.676,0.07,4.09
4.677,0.07,4.09
4.678,0.06,4.09
4.679,0.06,4.09
4.68,0.06,4.09
4.681,0.07,4.09
4.682,0.07,4.09
4.683,0.07,4.09
4.684,0.07,4.09
4.685,0.08,4.08
4.686,0.08,4.08
4.687,0.08,4.08
4.688,0.09,4.08
4.689,0.09,4.08
4.69,0.09,4.08
4.691,0.09,4.08
4.692,0.09,4.08
4.693,0.09,4.08
4.694,0.09,4.08
4.695,0.09,4.08
4.696,0.09,4.08
4.697,0.1,4.08
4.698,0.1,4.08
4.699,0.1,4.08
4.7,0.11,4.08
4.701,0.12,4.08
4.702,0.13,4.08
4.703,0.13,4.08
4.704,0.13,4.07
4.705,0.13,4.07
4.706,0.13,4.07
4.707,0.14,4.07
4.708,0.14,4.07
4.709,0.15,4.07
4.71,0.14,4.07
4.711,0.14,4.07
4.712,0.14,4.07
4.713,0.14,4.07
4.714,0.15,4.07
4.715,0.15,4.07
4.716,0.16,4.07
4.717,0.17,4.07
4.718,0.17,4.06
4.719,0.17,4.06
4.72,0.17,4.06
4.721,0.18,4.06
4.722,0.18,4.06
4.723,0.18,4.06
4.724,0.18,4.06
4.725,0.18,4.06
4.726,0.19,4.06
4.727,0.19,4.06
4.728,0.2,4.05
4.729,0.2,4.05
4.73,0.21,4.05
4.731,0.22,4.05
4.732,0.22,4.05
4.733,0.23,4.05
4.734,0.24,4.05
4.735,0.24,4.05
4.736,0.25,4.05
4.737,0.25,4.04
4.738,0.25,4.04
4.739,0.25,4.04
4.74,0.26,4.04
4.741,0.27,4.04
4.742,0.27,4.04
4.743,0.27,4.04
4.744,0.27,4.03
4.745,0.27,4.03
4.746,0.28,4.03
4.747,0.29,4.03
4.748,0.3,4.03
4.749,0.31,4.03
4.75,0.32,4.03
4.751,0.32,4.02
4.752,0.32,4.02
4.753,0.32,4.02
4.754,0.32,4.02
4.755,0.33,4.02
4.756,0.33,4.02
4.757,0.34,4.01
4.758,0.35,4.01
4.759,0.35,4.01
4.76,0.36,4.01
4.761,0.36,4.01
4.762,0.36,4.0
4.763,0.36,4.0
4.764,0.36,4.0
4.765,0.36,4.0
4.766,0.35,4.0
4.767,0.35,3.99
4.768,0.35,3.99
4.769,0.35,3.99
4.77,0.35,3.99
4.771,0.35,3.99
4.772,0.35,3.99
4.773,0.35,3.98
4.774,0.35,3.98
4.775,0.35,3.98
4.776,0.34,3.98
4.777,0.34,3.98
4.778,0.34,3.97
4.779,0.34,3.97
4.78,0.33,3.97
4.781,0.33,3.97
4.782,0.31,3.97
4.783,0.3,3.97
4.784,0.29,3.97
4.785,0.28,3.96
4.786,0.28,3.96
4.787,0.28,3.96
4.788,0.28,3.96
4.789,0.27,3.96
4.79,0.26,3.96
4.791,0.25,3.96
4.792,0.23,3.95
4.793,0.23,3.95
4.794,0.22,3.95
4.795,0.22,3.95
4.796,0.22,3.95
4.797,0.21,3.95
4.798,0.2,3.95
4.799,0.2,3.95
4.8,0.2,3.95
4.801,0.2,3.94
4.802,0.2,3.94
4.803,0.19,3.94
4.804,0.18,3.94
4.805,0.18,3.94
4.806,0.17,3.94
4.807,0.16,3.94
4.808,0.14,3.94
4.809,0.14,3.94
4.81,0.13,3.94
4.811,0.12,3.94
4.812,0.11,3.94
4.813,0.11,3.93
4.814,0.1,3.93
4.815,0.1,3.93
4.816,0.1,3.93
4.817,0.12,3.93
4.818,0.18,3.93
4.819,0.28,3.93
4.82,0.45,3.93
4.821,0.43,3.93
4.822,0.13,3.92
4.824,0.03,3.92
4.825,0.02,3.92
4.892,0.02,3.92
4.893,0.02,3.92
4.894,0.02,3.92
5.007,0.03,3.92
5.008,0.04,3.92
5.009,0.04,3.92
5.01,0.04,3.92
5.011,0.04,3.92
5.012,0.04,3.92
5.013,0.04,3.92
5.014,0.04,3.92
5.015,0.04,3.92
5.016,0.03,3.92
5.017,0.03,3.92
5.018,0.03,3.92
5.019,0.02,3.92
5.02,0.02,3.92
5.029,0.02,3.92
5.03,0.03,3.92
5.031,0.02,3.92
5.032,0.02,3.92
5.033,0.02,3.92
5.034,0.02,3.92
5.035,0.02,3.92
5.038,0.02,3.92
5.039,0.02,3.92
5.046,0.02,3.92
5.047,0.03,3.92
5.048,0.03,3.92
5.049,0.03,3.92
5.05,0.03,3.92
5.051,0.02,3.92
5.052,0.02,3.92
5.053,0.02,3.92
5.054,0.02,3.92
5.055,0.02,3.92
5.056,0.02,3.92
5.057,0.02,3.92
5.058,0.02,3.92
5.059,0.03,3.92
5.06,0.03,3.92
5.061,0.02,3.92
5.062,0.02,3.92
5.063,0.02,3.92
5.103,0.02,3.92
5.104,0.02,3.92
5.105,0.02,3.92
5.106,0.02,3.92
5.122,0.02,3.92
5.123,0.02,3.92
5.124,0.02,3.92
5.125,0.02,3.92
5.126,0.02,3.92
5.127,0.02,3.92
5.128,0.02,3.92
5.163,0.02,3.92
5.164,0.02,3.92
5.165,0.02,3.92
5.166,0.02,3.92
5.24,0.02,3.92
5.241,0.02,3.92
5.242,0.02,3.92
5.243,0.02,3.92
5.516,0.02,3.92
5.718,0.02,3.92
5.757,0.02,3.92
5.841,0.02,3.92
5.859,0.02,3.92
5.86,0.02,3.92
5.861,0.02,3.92
5.867,0.02,3.92
6.311,0.02,3.92
6.312,0.02,3.92
6.313,0.02,3.92
6.314,0.02,3.92
6.315,0.02,3.92
6.319,0.02,3.92
6.32,0.02,3.91
6.321,0.02,3.91
6.322,0.02,3.91
6.342,0.02,3.91
6.422,0.02,3.91
6.463,0.02,3.91
6.464,0.02,3.91
6.465,0.02,3.91
6.467,0.02,3.91
6.468,0.02,3.91
6.47,0.02,3.91
6.471,0.02,3.91
6.49,0.02,3.91
6.491,0.02,3.91
6.492,0.02,3.91
6.493,0.02,3.91
6.51,0.02,3.91
6.511,0.02,3.91
6.512,0.02,3.91
6.513,0.02,3.91
6.514,0.02,3.91
6.515,0.02,3.91
6.516,0.02,3.91
6.517,0.02,3.91
6.518,0.02,3.91
6.519,0.03,3.91
6.52,0.03,3.91
6.521,0.03,3.91
6.522,0.03,3.91
6.523,0.03,3.91
6.524,0.02,3.91
6.525,0.02,3.91
6.526,0.02,3.91
6.621,0.02,3.91
6.622,0.02,3.91
6.623,0.02,3.91
6.624,0.02,3.91
6.628,0.02,3.91
6.629,0.02,3.91
6.63,0.02,3.91
6.631,0.02,3.91
6.632,0.02,3.91
6.633,0.02,3.91
6.634,0.02,3.91
6.635,0.02,3.91
6.636,0.03,3.91
6.637,0.03,3.91
6.638,0.04,3.91
6.639,0.06,3.91
6.64,0.08,3.91
6.641,0.09,3.91
6.642,0.09,3.91
6.643,0.07,3.91
6.644,0.06,3.91
6.645,0.05,3.91
6.646,0.04,3.91
6.647,0.03,3.91
6.648,0.03,3.91
6.649,0.03,3.91
6.65,0.03,3.91
6.651,0.03,3.91
6.652,0.03,3.91
6.653,0.03,3.91
6.654,0.03,3.91
6.655,0.05,3.91
6.656,0.07,3.9
6.657,0.09,3.9
6.658,0.09,3.9
6.659,0.08,3.9
6.66,0.06,3.9
6.661,0.04,3.9
6.662,0.03,3.9
6.663,0.02,3.9
6.664,0.02,3.9
6.665,0.02,3.9
6.666,0.02,3.9
6.667,0.02,3.9
6.668,0.02,3.9
6.682,0.02,3.9
6.683,0.02,3.9
6.684,0.02,3.9
6.685,0.02,3.9
6.69,0.02,3.9
6.691,0.02,3.9
6.692,0.02,3.9
6.693,0.02,3.9
6.694,0.02,3.9
6.695,0.02,3.9
6.696,0.02,3.9
6.697,0.02,3.9
6.698,0.02,3.9
6.699,0.02,3.9
6.7,0.02,3.9
6.701,0.02,3.9
6.703,0.02,3.9
6.704,0.02,3.9
6.705,0.02,3.9
6.706,0.02,3.9
6.707,0.02,3.9
6.708,0.03,3.9
6.709,0.03,3.9
6.71,0.02,3.9
6.711,0.02,3.9
6.712,0.02,3.9
6.713,0.03,3.9
6.714,0.03,3.9
6.715,0.03,3.9
6.716,0.03,3.9
6.717,0.03,3.9
6.718,0.03,3.9
6.719,0.03,3.9
6.72,0.03,3.9
6.721,0.04,3.9
6.722,0.04,3.9
6.723,0.04,3.9
6.724,0.03,3.9
6.725,0.03,3.9
6.726,0.03,3.9
6.727,0.03,3.9
6.728,0.03,3.9
6.729,0.04,3.9
6.73,0.04,3.9
6.731,0.04,3.9
6.732,0.04,3.9
6.733,0.04,3.9
6.734,0.04,3.9
6.735,0.05,3.9
6.736,0.05,3.9
6.737,0.05,3.89
6.738,0.05,3.89
6.739,0.05,3.89
6.74,0.06,3.89
6.741,0.06,3.89
6.742,0.06,3.89
6.743,0.06,3.89
6.744,0.06,3.89
6.745,0.07,3.89
6.746,0.07,3.89
6.747,0.07,3.89
6.748,0.07,3.89
6.749,0.08,3.89
6.75,0.08,3.89
6.751,0.08,3.89
6.752,0.08,3.89
6.753,0.09,3.89
6.754,0.09,3.89
6.755,0.09,3.89
6.756,0.09,3.89
6.757,0.09,3.89
6.758,0.09,3.89
6.759,0.09,3.89
6.76,0.1,3.89
6.761,0.11,3.89
6.762,0.11,3.88
6.763,0.11,3.88
6.764,0.12,3.88
6.765,0.12,3.88
6.766,0.13,3.88
6.767,0.14,3.88
6.768,0.14,3.88
6.769,0.15,3.88
6.77,0.15,3.88
6.771,0.15,3.88
6.772,0.16,3.88
6.773,0.17,3.88
6.774,0.18,3.88
6.775,0.19,3.87
6.776,0.2,3.87
6.777,0.21,3.87
6.778,0.22,3.87
6.779,0.23,3.87
6.78,0.25,3.87
6.781,0.26,3.87
6.782,0.28,3.87
6.783,0.29,3.86
6.784,0.31,3.86
6.785,0.33,3.86
6.786,0.35,3.86
6.787,0.38,3.86
6.788,0.41,3.86
6.789,0.45,3.85
6.79,0.5,3.85
6.791,0.55,3.85
6.792,0.62,3.84
6.793,0.7,3.84
6.794,0.8,3.84
6.795,0.95,3.83
6.796,1.11,3.83
6.797,1.32,3.82
6.798,1.69,3.81
6.799,2.28,3.8
6.8,3.39,3.78
6.801,5.64,3.75
6.802,8.95,3.7
6.803,11.04,3.65
6.804,10.37,3.59
6.805,7.5,3.55
6.806,4.98,3.53
6.807,3.38,3.51
6.808,2.41,3.5
6.809,1.96,3.49
6.81,1.74,3.48
6.811,1.65,3.47
6.812,1.62,3.46
6.813,1.66,3.45
6.814,1.84,3.44
6.815,2.22,3.43
6.816,3.04,3.42
6.817,4.82,3.39
6.818,7.55,3.35
6.819,10.58,3.3
6.82,11.49,3.24
6.821,9.47,3.19
6.822,6.46,3.15
6.823,3.93,3.13
6.824,2.58,3.12
6.825,1.83,3.11
6.826,1.34,3.1
6.827,1.07,3.1
6.828,0.87,3.09
6.829,0.68,3.09
6.83,0.53,3.09
6.831,0.42,3.09
6.832,0.33,3.08
6.833,0.27,3.08
6.834,0.24,3.08
6.835,0.21,3.08
6.836,0.18,3.08
6.837,0.16,3.08
6.838,0.15,3.08
6.839,0.12,3.08
6.84,0.11,3.08
6.841,0.11,3.08
6.842,0.1,3.08
6.843,0.1,3.07
6.844,0.09,3.07
6.845,0.08,3.07
6.846,0.08,3.07
6.847,0.07,3.07
6.848,0.07,3.07
6.849,0.06,3.07
6.85,0.06,3.07
6.851,0.06,3.07
6.852,0.05,3.07
6.853,0.05,3.07
6.854,0.05,3.07
6.855,0.05,3.07
6.856,0.05,3.07
6.857,0.04,3.07
6.858,0.04,3.07
6.859,0.04,3.07
6.86,0.04,3.07
6.861,0.04,3.07
6.862,0.04,3.07
6.863,0.04,3.07
6.864,0.04,3.07
6.865,0.04,3.07
6.866,0.04,3.07
6.867,0.03,3.07
6.868,0.03,3.07
6.869,0.04,3.07
6.87,0.04,3.07
6.871,0.04,3.07
6.872,0.04,3.07
6.873,0.03,3.07
6.874,0.03,3.07
6.875,0.04,3.07
6.876,0.03,3.07
6.877,0.03,3.07
6.878,0.03,3.07
6.879,0.03,3.07
6.88,0.03,3.07
6.881,0.03,3.07
6.882,0.02,3.07
6.883,0.02,3.07
6.884,0.02,3.07
6.885,0.02,3.07
6.886,0.02,3.07
6.887,0.02,3.07
6.888,0.02,3.06
6.889,0.02,3.06
6.89,0.02,3.06
6.891,0.02,3.06
6.892,0.02,3.06
6.894,0.02,3.06
6.895,0.02,3.06
6.896,0.02,3.06
6.897,0.02,3.06
6.898,0.02,3.06
6.899,0.02,3.06
6.9,0.02,3.06
6.901,0.02,3.06
6.902,0.02,3.06
6.903,0.02,3.06
6.904,0.02,3.06
6.905,0.03,3.06
6.906,0.02,3.06
6.907,0.02,3.06
6.908,0.02,3.06
6.909,0.02,3.06
6.915,0.02,3.06
6.916,0.02,3.06
6.917,0.02,3.06
6.918,0.02,3.06
6.919,0.02,3.06
6.92,0.02,3.06
6.921,0.02,3.06
6.922,0.02,3.06
6.923,0.02,3.06
6.924,0.02,3.06
6.925,0.02,3.06
6.926,0.02,3.06
6.93,0.02,3.06
6.931,0.02,3.06
6.932,0.02,3.06
6.933,0.02,3.06
6.934,0.02,3.06
6.935,0.02,3.06
6.936,0.02,3.06
6.937,0.02,3.06
6.938,0.02,3.06
6.939,0.02,3.06
6.94,0.02,3.06
6.942,0.02,3.06
6.943,0.02,3.06
6.944,0.02,3.06
6.945,0.02,3.06
6.946,0.02,3.06
6.947,0.02,3.06
6.948,0.02,3.06
6.949,0.02,3.06
6.95,0.02,3.06
6.951,0.02,3.06
6.952,0.02,3.06
6.953,0.02,3.06
6.954,0.02,3.06
6.955,0.02,3.06
6.956,0.02,3.06
6.957,0.02,3.06
6.958,0.03,3.06
6.959,0.04,3.06
6.96,0.06,3.06
6.961,0.09,3.06
6.962,0.1,3.06
6.963,0.09,3.06
6.964,0.07,3.06
6.965,0.05,3.06
6.966,0.03,3.06
6.967,0.02,3.06
6.968,0.02,3.06
6.969,0.02,3.06
6.97,0.02,3.06
6.971,0.02,3.06
6.972,0.02,3.06
6.973,0.02,3.06
6.974,0.04,3.05
6.975,0.05,3.05
6.976,0.06,3.05
6.977,0.08,3.05
6.978,0.1,3.05
6.979,0.1,3.05
6.98,0.09,3.05
6.981,0.06,3.05
6.982,0.04,3.05
6.983,0.03,3.05
6.984,0.03,3.05
6.985,0.02,3.05
6.986,0.02,3.05
6.987,0.02,3.05
6.988,0.03,3.05
6.989,0.03,3.05
6.99,0.02,3.05
6.991,0.02,3.05
6.992,0.02,3.05
6.993,0.02,3.05
6.994,0.02,3.05
6.995,0.02,3.05
7.006,0.02,3.05
7.007,0.02,3.05
7.008,0.02,3.05
7.009,0.02,3.05
7.01,0.02,3.05
7.011,0.02,3.05
7.012,0.02,3.05
7.037,0.02,3.05
7.05,0.02,3.05
7.051,0.02,3.05
7.052,0.02,3.05
7.053,0.02,3.05
7.054,0.02,3.05
7.055,0.02,3.05
7.056,0.02,3.05
7.057,0.02,3.05
7.058,0.02,3.05
7.063,0.02,3.05
7.064,0.02,3.05
7.117,0.02,3.05
7.118,0.02,3.05
7.119,0.02,3.05
7.12,0.02,3.05
7.121,0.02,3.05
7.122,0.02,3.05
7.123,0.02,3.05
7.124,0.02,3.05
7.125,0.02,3.05
7.126,0.02,3.05
7.127,0.02,3.05
7.132,0.02,3.05
7.133,0.02,3.05
7.134,0.03,3.05
7.135,0.03,3.05
7.136,0.04,3.05
7.137,0.05,3.05
7.138,0.07,3.05
7.139,0.1,3.05
7.14,0.12,3.04
7.141,0.12,3.04
7.142,0.12,3.04
7.143,0.12,3.04
7.144,0.12,3.04
7.145,0.1,3.04
7.146,0.07,3.04
7.147,0.05,3.04
7.148,0.04,3.04
7.149,0.03,3.04
7.15,0.03,3.04
7.151,0.03,3.04
7.152,0.02,3.04
7.153,0.02,3.04
7.154,0.02,3.04
7.155,0.02,3.04
7.157,0.02,3.04
7.158,0.02,3.04
7.159,0.02,3.04
7.16,0.02,3.04
7.161,0.02,3.04
7.162,0.02,3.04
7.163,0.02,3.04
7.164,0.02,3.04
7.165,0.02,3.04
7.166,0.02,3.04
7.167,0.02,3.04
7.168,0.02,3.04
7.169,0.02,3.04
7.17,0.02,3.04
7.171,0.02,3.04
7.172,0.02,3.04
7.173,0.02,3.04
7.174,0.02,3.04
7.176,0.02,3.04
7.177,0.02,3.04
7.178,0.02,3.04
7.179,0.02,3.04
7.18,0.02,3.04
7.181,0.02,3.04
7.182,0.02,3.04
7.183,0.02,3.04
7.184,0.02,3.04
7.185,0.02,3.04
7.186,0.02,3.04
7.187,0.02,3.04
7.188,0.02,3.04
7.189,0.02,3.04
7.19,0.02,3.04
7.191,0.02,3.04
7.192,0.02,3.04
7.193,0.02,3.04
7.194,0.02,3.04
7.195,0.02,3.04
7.196,0.03,3.04
7.197,0.03,3.04
7.198,0.03,3.04
7.199,0.02,3.04
7.2,0.02,3.04
7.201,0.03,3.04
7.202,0.02,3.04
7.203,0.02,3.03
7.204,0.02,3.03
7.205,0.02,3.03
7.206,0.03,3.03
7.207,0.03,3.03
7.208,0.03,3.03
7.209,0.03,3.03
7.21,0.03,3.03
7.211,0.04,3.03
7.212,0.03,3.03
7.213,0.04,3.03
7.214,0.04,3.03
7.215,0.05,3.03
7.216,0.04,3.03
7.217,0.04,3.03
7.218,0.04,3.03
7.219,0.04,3.03
7.22,0.05,3.03
7.221,0.05,3.03
7.222,0.04,3.03
7.223,0.04,3.03
7.224,0.04,3.03
7.225,0.04,3.03
7.226,0.04,3.03
7.227,0.05,3.03
7.228,0.05,3.03
7.229,0.05,3.03
7.23,0.05,3.03
7.231,0.05,3.03
7.232,0.05,3.03
7.233,0.06,3.03
7.234,0.06,3.03
7.235,0.06,3.03
7.236,0.07,3.03
7.237,0.07,3.03
7.238,0.07,3.03
7.239,0.08,3.03
7.24,0.08,3.03
7.241,0.08,3.03
7.242,0.09,3.03
7.243,0.1,3.02
7.244,0.11,3.02
7.245,0.12,3.02
7.246,0.14,3.02
7.247,0.15,3.02
7.248,0.15,3.02
7.249,0.15,3.02
7.25,0.16,3.02
7.251,0.16,3.02
7.252,0.16,3.02
7.253,0.15,3.02
7.254,0.15,3.02
7.255,0.14,3.02
7.256,0.15,3.01
7.257,0.15,3.01
7.258,0.16,3.01
7.259,0.17,3.01
7.26,0.18,3.01
7.261,0.2,3.01
7.262,0.21,3.01
7.263,0.23,3.01
7.264,0.24,3.01
7.265,0.24,3.01
7.266,0.25,3.0
7.267,0.27,3.0
7.268,0.27,3.0
7.269,0.26,3.0
7.27,0.26,3.0
7.271,0.26,3.0
7.272,0.27,3.0
7.273,0.28,2.99
7.274,0.29,2.99
7.275,0.3,2.99
7.276,0.32,2.99
7.277,0.34,2.99
7.278,0.36,2.99
7.279,0.38,2.98
7.28,0.4,2.98
7.281,0.42,2.98
7.282,0.46,2.98
7.283,0.5,2.98
7.284,0.53,2.97
7.285,0.58,2.97
7.286,0.64,2.97
7.287,0.71,2.96
7.288,0.78,2.96
7.289,0.89,2.95
7.29,1.0,2.95
7.291,1.16,2.94
7.292,1.4,2.93
7.293,1.68,2.93
7.294,2.05,2.92
7.295,2.65,2.9
7.296,3.51,2.88
7.297,5.01,2.86
7.298,7.77,2.82
7.299,11.26,2.76
7.3,14.67,2.68
7.301,16.27,2.6
7.302,15.93,2.51
7.303,16.07,2.43
7.304,16.91,2.34
7.305,16.02,2.26
7.306,12.59,2.19
7.307,8.36,2.15
7.308,5.65,2.12
7.309,4.0,2.1
7.31,2.87,2.09
7.311,2.21,2.07
7.312,1.73,2.07
7.313,1.32,2.06
7.314,1.02,2.05
7.315,0.81,2.05
7.316,0.67,2.05
7.317,0.54,2.04
7.318,0.46,2.04
7.319,0.39,2.04
7.32,0.34,2.04
7.321,0.3,2.03
7.322,0.28,2.03
7.323,0.25,2.03
7.324,0.23,2.03
7.325,0.22,2.03
7.326,0.2,2.03
7.327,0.18,2.03
7.328,0.17,2.03
7.329,0.17,2.03
7.33,0.16,2.02
7.331,0.15,2.02
7.332,0.14,2.02
7.333,0.14,2.02
7.334,0.13,2.02
7.335,0.13,2.02
7.336,0.13,2.02
7.337,0.13,2.02
7.338,0.12,2.02
7.339,0.12,2.02
7.34,0.12,2.02
7.341,0.11,2.02
7.342,0.11,2.02
7.343,0.11,2.02
7.344,0.11,2.02
7.345,0.11,2.02
7.346,0.11,2.01
7.347,0.11,2.01
7.348,0.1,2.01
7.349,0.1,2.01
7.35,0.1,2.01
7.351,0.1,2.01
7.352,0.1,2.01
7.353,0.11,2.01
7.354,0.11,2.01
7.355,0.11,2.01
7.356,0.11,2.01
7.357,0.11,2.01
7.358,0.12,2.01
7.359,0.12,2.01
7.36,0.12,2.01
7.361,0.12,2.01
7.362,0.11,2.01
7.363,0.12,2.0
7.364,0.12,2.0
7.365,0.12,2.0
7.366,0.13,2.0
7.367,0.14,2.0
7.368,0.14,2.0
7.369,0.14,2.0
7.37,0.14,2.0
7.371,0.15,2.0
7.372,0.16,2.0
7.373,0.16,2.0
7.374,0.16,2.0
7.375,0.17,2.0
7.376,0.17,2.0
7.377,0.18,1.99
7.378,0.18,1.99
7.379,0.19,1.99
7.38,0.2,1.99
7.381,0.21,1.99
7.382,0.22,1.99
7.383,0.23,1.99
7.384,0.24,1.99
7.385,0.25,1.99
7.386,0.26,1.98
7.387,0.27,1.98
7.388,0.29,1.98
7.389,0.31,1.98
7.39,0.32,1.98
7.391,0.34,1.98
7.392,0.36,1.97
7.393,0.39,1.97
7.394,0.43,1.97
7.395,0.46,1.97
7.396,0.5,1.96
7.397,0.55,1.96
7.398,0.62,1.96
7.399,0.69,1.96
7.4,0.79,1.95
7.401,0.9,1.95
7.402,1.04,1.94
7.403,1.25,1.93
7.404,1.57,1.93
7.405,2.02,1.92
7.406,2.82,1.9
7.407,4.39,1.88
7.408,6.51,1.84
7.409,8.66,1.8
7.41,9.36,1.75
7.411,8.64,1.71
7.412,8.55,1.66
7.413,9.15,1.61
7.414,8.69,1.57
7.415,6.67,1.53
7.416,4.53,1.51
7.417,3.33,1.49
7.418,2.7,1.48
7.419,2.35,1.47
7.42,2.25,1.45
7.421,2.35,1.44
7.422,2.77,1.43
7.423,3.64,1.41
7.424,5.18,1.38
7.425,7.44,1.34
7.426,8.9,1.3
7.427,8.62,1.25
7.428,7.96,1.21
7.429,8.25,1.17
7.43,8.52,1.12
7.431,7.06,1.09
7.432,4.7,1.06
7.433,3.13,1.05
7.434,2.21,1.03
7.435,1.6,1.03
7.436,1.24,1.02
7.437,0.99,1.01
7.438,0.79,1.01
7.439,0.65,1.01
7.44,0.53,1.0
7.441,0.43,1.0
7.442,0.36,1.0
7.443,0.3,1.0
7.444,0.26,1.0
7.445,0.23,1.0
7.446,0.21,1.0
7.447,0.19,0.99
7.448,0.17,0.99
7.449,0.16,0.99
7.45,0.15,0.99
7.451,0.15,0.99
7.452,0.15,0.99
7.453,0.15,0.99
7.454,0.15,0.99
7.455,0.16,0.99
7.456,0.19,0.99
7.457,0.2,0.99
7.458,0.2,0.98
7.459,0.2,0.98
7.46,0.19,0.98
7.461,0.18,0.98
7.462,0.17,0.98
7.463,0.15,0.98
7.464,0.12,0.98
7.465,0.1,0.98
7.466,0.09,0.98
7.467,0.08,0.98
7.468,0.08,0.98
7.469,0.08,0.98
7.47,0.07,0.98
7.471,0.06,0.98
7.472,0.06,0.98
7.473,0.06,0.98
7.474,0.06,0.98
7.475,0.05,0.98
7.476,0.05,0.98
7.477,0.05,0.97
7.478,0.05,0.97
7.479,0.05,0.97
7.48,0.04,0.97
7.481,0.04,0.97
7.482,0.04,0.97
7.483,0.04,0.97
7.484,0.04,0.97
7.485,0.04,0.97
7.486,0.04,0.97
7.487,0.04,0.97
7.488,0.04,0.97
7.489,0.04,0.97
7.49,0.04,0.97
7.491,0.04,0.97
7.492,0.04,0.97
7.493,0.04,0.97
7.494,0.04,0.97
7.495,0.04,0.97
7.496,0.04,0.97
7.497,0.04,0.97
7.498,0.03,0.97
7.499,0.03,0.97
7.5,0.03,0.97
7.501,0.03,0.97
7.502,0.03,0.97
7.503,0.03,0.97
7.504,0.03,0.97
7.505,0.03,0.97
7.506,0.03,0.97
7.507,0.03,0.97
7.508,0.03,0.97
7.509,0.03,0.97
7.51,0.03,0.97
7.511,0.03,0.97
7.512,0.03,0.97
7.513,0.03,0.97
7.514,0.03,0.97
7.515,0.04,0.97
7.516,0.04,0.97
7.517,0.03,0.97
7.518,0.03,0.97
7.519,0.03,0.97
7.52,0.03,0.97
7.521,0.03,0.97
7.522,0.02,0.97
7.523,0.02,0.97
7.524,0.02,0.97
7.525,0.02,0.97
7.526,0.02,0.97
7.527,0.02,0.97
7.528,0.02,0.97
7.529,0.02,0.97
7.53,0.03,0.97
7.531,0.03,0.97
7.532,0.02,0.97
7.533,0.02,0.97
7.534,0.02,0.97
7.535,0.02,0.97
7.536,0.02,0.97
7.537,0.03,0.96
7.538,0.02,0.96
7.539,0.02,0.96
7.54,0.03,0.96
7.541,0.03,0.96
7.542,0.03,0.96
7.543,0.02,0.96
7.55,0.02,0.96
7.551,0.02,0.96
7.552,0.02,0.96
7.553,0.02,0.96
7.554,0.02,0.96
7.555,0.02,0.96
7.556,0.02,0.96
7.557,0.02,0.96
7.558,0.02,0.96
7.559,0.02,0.96
7.56,0.02,0.96
7.561,0.02,0.96
7.562,0.02,0.96
7.563,0.02,0.96
7.564,0.03,0.96
7.565,0.04,0.96
7.566,0.06,0.96
7.567,0.07,0.96
7.568,0.08,0.96
7.569,0.08,0.96
7.57,0.08,0.96
7.571,0.08,0.96
7.572,0.09,0.96
7.573,0.08,0.96
7.574,0.06,0.96
7.575,0.05,0.96
7.576,0.04,0.96
7.577,0.03,0.96
7.578,0.03,0.96
7.579,0.03,0.96
7.58,0.03,0.96
7.581,0.03,0.96
7.582,0.04,0.96
7.583,0.05,0.96
7.584,0.07,0.96
7.585,0.07,0.96
7.586,0.08,0.96
7.587,0.08,0.96
7.588,0.08,0.96
7.589,0.07,0.95
7.59,0.05,0.95
7.591,0.03,0.95
7.592,0.03,0.95
7.593,0.02,0.95
7.615,0.02,0.95
7.616,0.02,0.95
7.617,0.02,0.95
7.618,0.02,0.95
7.619,0.02,0.95
7.62,0.02,0.95
7.621,0.02,0.95
7.622,0.02,0.95
7.626,0.02,0.95
7.627,0.02,0.95
7.635,0.02,0.95
7.673,0.02,0.95
7.674,0.02,0.95
7.723,0.02,0.95
7.724,0.02,0.95
7.725,0.02,0.95
7.831,0.02,0.95
7.832,0.02,0.95
7.884,0.02,0.95
7.931,0.02,0.95
7.932,0.02,0.95
7.933,0.02,0.95
7.934,0.02,0.95
7.935,0.02,0.95
7.969,0.02,0.95
7.97,0.02,0.95
7.971,0.02,0.95
7.972,0.02,0.95
7.982,0.02,0.95
7.983,0.02,0.95
7.984,0.02,0.95
7.985,0.02,0.95
7.986,0.02,0.95
7.987,0.02,0.95
8.0,0.02,0.95
8.029,0.02,0.95
8.03,0.02,0.95
8.031,0.02,0.95
8.035,0.02,0.95
8.036,0.02,0.95
8.037,0.02,0.95
8.048,0.02,0.95
8.049,0.02,0.95
8.05,0.02,0.95
8.068,0.02,0.95
8.069,0.02,0.95
8.07,0.02,0.95
8.071,0.02,0.95
8.072,0.02,0.95
8.073,0.02,0.95
8.074,0.02,0.95
8.075,0.02,0.95
8.165,0.02,0.95
8.166,0.02,0.95
8.177,0.02,0.95
8.178,0.02,0.95
8.179,0.02,0.95
8.483,0.02,0.95
8.498,0.02,0.95
8.499,0.02,0.95
8.5,0.02,0.95
8.501,0.02,0.95
8.502,0.02,0.95
8.503,0.02,0.95
8.504,0.02,0.95
8.505,0.02,0.95
8.506,0.02,0.95
8.524,0.02,0.95
8.525,0.02,0.95
8.526,0.02,0.95
8.527,0.02,0.95
8.528,0.02,0.95
8.529,0.02,0.95
8.53,0.02,0.95
8.531,0.02,0.95
8.535,0.02,0.95
8.536,0.02,0.95
8.537,0.02,0.95
8.538,0.02,0.95
8.54,0.02,0.95
8.553,0.02,0.95
8.58,0.02,0.95
8.592,0.02,0.95
8.593,0.02,0.95
8.594,0.02,0.95
8.61,0.02,0.95
8.611,0.02,0.95
8.612,0.02,0.94
8.613,0.02,0.94
8.614,0.02,0.94
8.615,0.02,0.94
8.616,0.02,0.94
8.62,0.02,0.94
8.621,0.02,0.94
8.622,0.02,0.94
8.623,0.02,0.94
8.627,0.02,0.94
8.628,0.02,0.94
8.629,0.02,0.94
8.63,0.02,0.94
8.631,0.02,0.94
8.632,0.02,0.94
8.633,0.02,0.94
8.635,0.02,0.94
8.636,0.02,0.94
8.679,0.02,0.94
8.68,0.02,0.94
8.681,0.02,0.94
8.682,0.02,0.94
8.683,0.02,0.94
8.684,0.02,0.94
8.685,0.03,0.94
8.686,0.02,0.94
8.687,0.03,0.94
8.688,0.02,0.94
8.741,0.02,0.94
8.743,0.02,0.94
8.904,0.02,0.94
8.905,0.02,0.94
8.962,0.02,0.94
8.963,0.02,0.94
9.139,0.02,0.94
9.14,0.02,0.94
9.141,0.02,0.94
9.28,0.02,0.94
9.281,0.02,0.94
9.282,0.03,0.94
9.283,0.04,0.94
9.284,0.05,0.94
9.285,0.06,0.94
9.286,0.08,0.94
9.287,0.12,0.94
9.288,0.16,0.94
9.289,0.18,0.94
9.29,0.16,0.94
9.291,0.12,0.94
9.292,0.09,0.94
9.293,0.06,0.93
9.294,0.04,0.93
9.295,0.03,0.93
9.296,0.03,0.93
9.297,0.02,0.93
9.298,0.02,0.93
9.305,0.02,0.93
9.306,0.02,0.93
9.307,0.02,0.93
9.308,0.02,0.93
9.315,0.02,0.93
9.316,0.02,0.93
9.317,0.02,0.93
9.325,0.02,0.93
9.344,0.02,0.93
9.345,0.02,0.93
9.346,0.02,0.93
9.353,0.02,0.93
9.354,0.02,0.93
9.355,0.02,0.93
9.356,0.02,0.93
9.357,0.02,0.93
9.358,0.02,0.93
9.359,0.02,0.93
9.36,0.02,0.93
9.361,0.02,0.93
9.362,0.02,0.93
9.367,0.02,0.93
9.368,0.02,0.93
9.369,0.02,0.93
9.37,0.02,0.93
9.371,0.02,0.93
9.372,0.02,0.93
9.373,0.02,0.93
9.374,0.02,0.93
9.375,0.02,0.93
9.376,0.02,0.93
9.377,0.02,0.93
9.378,0.02,0.93
9.379,0.03,0.93
9.38,0.03,0.93
9.381,0.03,0.93
9.382,0.03,0.93
9.383,0.03,0.93
9.384,0.03,0.93
9.385,0.03,0.93
9.386,0.03,0.93
9.387,0.04,0.93
9.388,0.04,0.93
9.389,0.03,0.93
9.39,0.03,0.93
9.391,0.04,0.93
9.392,0.04,0.93
9.393,0.04,0.93
9.394,0.04,0.93
9.395,0.04,0.93
9.396,0.04,0.93
9.397,0.04,0.93
9.398,0.05,0.93
9.399,0.05,0.93
9.4,0.05,0.93
9.401,0.05,0.93
9.402,0.05,0.93
9.403,0.06,0.93
9.404,0.06,0.93
9.405,0.06,0.93
9.406,0.06,0.92
9.407,0.07,0.92
9.408,0.08,0.92
9.409,0.08,0.92
9.41,0.08,0.92
9.411,0.08,0.92
9.412,0.08,0.92
9.413,0.09,0.92
9.414,0.1,0.92
9.415,0.09,0.92
9.416,0.09,0.92
9.417,0.09,0.92
9.418,0.1,0.92
9.419,0.11,0.92
9.42,0.11,0.92
9.421,0.12,0.92
9.422,0.13,0.92
9.423,0.13,0.92
9.424,0.14,0.92
9.425,0.15,0.91
9.426,0.15,0.91
9.427,0.15,0.91
9.428,0.16,0.91
9.429,0.17,0.91
9.43,0.18,0.91
9.431,0.18,0.91
9.432,0.19,0.91
9.433,0.2,0.91
9.434,0.2,0.91
9.435,0.21,0.91
9.436,0.23,0.9
9.437,0.24,0.9
9.438,0.26,0.9
9.439,0.29,0.9
9.44,0.31,0.9
9.441,0.35,0.9
9.442,0.4,0.89
9.443,0.47,0.89
9.444,0.49,0.89
9.445,0.48,0.89
9.446,0.47,0.88
9.447,0.47,0.88
9.448,0.49,0.88
9.449,0.53,0.88
9.45,0.58,0.87
9.451,0.63,0.87
9.452,0.7,0.87
9.453,0.77,0.86
9.454,0.87,0.86
9.455,0.99,0.85
9.456,1.13,0.85
9.457,1.32,0.84
9.458,1.6,0.83
9.459,1.98,0.82
9.46,2.58,0.81
9.461,3.71,0.79
9.462,5.57,0.76
9.463,9.02,0.71
9.464,15.55,0.63
9.465,22.53,0.52
9.466,24.82,0.39
9.467,19.9,0.28
9.468,13.39,0.21
9.469,8.58,0.17
9.47,5.4,0.14
9.471,3.74,0.12
9.472,2.73,0.11
9.473,2.0,0.1
9.474,1.52,0.09
9.475,1.2,0.08
9.476,0.96,0.08
9.477,0.76,0.07
9.478,0.63,0.07
9.479,0.53,0.07
9.48,0.45,0.06
9.481,0.4,0.06
9.482,0.36,0.06
9.483,0.33,0.06
9.484,0.33,0.06
9.485,0.33,0.06
9.486,0.34,0.05
9.487,0.33,0.05
9.488,0.28,0.05
9.489,0.23,0.05
9.49,0.2,0.05
9.491,0.17,0.05
9.492,0.15,0.05
9.493,0.14,0.05
9.494,0.13,0.05
9.495,0.12,0.04
9.496,0.12,0.04
9.497,0.11,0.04
9.498,0.1,0.04
9.499,0.1,0.04
9.5,0.09,0.04
9.501,0.08,0.04
9.502,0.08,0.04
9.503,0.08,0.04
9.504,0.08,0.04
9.505,0.08,0.04
9.506,0.07,0.04
9.507,0.06,0.04
9.508,0.06,0.04
9.509,0.06,0.04
9.51,0.06,0.04
9.511,0.06,0.04
9.512,0.05,0.04
9.513,0.05,0.04
9.514,0.05,0.04
9.515,0.06,0.04
9.516,0.05,0.04
9.517,0.05,0.04
9.518,0.06,0.04
9.519,0.05,0.04
9.52,0.05,0.04
9.521,0.04,0.04
9.522,0.04,0.04
9.523,0.04,0.03
9.524,0.05,0.03
9.525,0.05,0.03
9.526,0.06,0.03
9.527,0.05,0.03
9.528,0.05,0.03
9.529,0.05,0.03
9.53,0.05,0.03
9.531,0.05,0.03
9.532,0.04,0.03
9.533,0.04,0.03
9.534,0.04,0.03
9.535,0.04,0.03
9.536,0.04,0.03
9.537,0.03,0.03
9.538,0.04,0.03
9.539,0.04,0.03
9.54,0.04,0.03
9.541,0.04,0.03
9.542,0.04,0.03
9.543,0.04,0.03
9.544,0.04,0.03
9.545,0.04,0.03
9.546,0.03,0.03
9.547,0.03,0.03
9.548,0.03,0.03
9.549,0.03,0.03
9.55,0.03,0.03
9.551,0.03,0.03
9.552,0.03,0.03
9.553,0.03,0.03
9.554,0.02,0.03
9.555,0.02,0.03
9.556,0.02,0.03
9.557,0.02,0.03
9.558,0.03,0.03
9.559,0.03,0.03
9.56,0.03,0.03
9.561,0.02,0.03
9.562,0.02,0.03
9.563,0.02,0.03
9.564,0.02,0.03
9.565,0.02,0.03
9.566,0.03,0.03
9.567,0.02,0.03
9.568,0.02,0.03
9.569,0.02,0.03
9.57,0.03,0.03
9.571,0.03,0.03
9.572,0.03,0.03
9.573,0.03,0.03
9.574,0.03,0.03
9.575,0.03,0.03
9.576,0.03,0.03
9.577,0.02,0.03
9.578,0.02,0.03
9.579,0.02,0.03
9.58,0.02,0.03
9.581,0.02,0.03
9.582,0.02,0.03
9.583,0.02,0.02
9.584,0.02,0.02
9.585,0.02,0.02
9.586,0.02,0.02
9.587,0.02,0.02
9.588,0.02,0.02
9.589,0.02,0.02
9.596,0.02,0.02
9.597,0.02,0.02
9.602,0.02,0.02
9.603,0.02,0.02
9.604,0.02,0.02
9.605,0.02,0.02
9.606,0.03,0.02
9.607,0.03,0.02
9.608,0.02,0.02
9.609,0.02,0.02
9.61,0.02,0.02
9.611,0.02,0.02
9.612,0.02,0.02
9.613,0.02,0.02
9.614,0.02,0.02
9.615,0.02,0.02
9.616,0.02,0.02
9.617,0.02,0.02
9.618,0.02,0.02
9.619,0.02,0.02
9.62,0.02,0.02
9.621,0.02,0.02
9.622,0.02,0.02
9.623,0.02,0.02
9.624,0.02,0.02
9.625,0.02,0.02
9.626,0.02,0.02
9.627,0.02,0.02
9.628,0.02,0.02
9.629,0.02,0.02
9.63,0.03,0.02
9.631,0.04,0.02
9.632,0.05,0.02
9.633,0.06,0.02
9.634,0.09,0.02
9.635,0.14,0.02
9.636,0.19,0.02
9.637,0.2,0.02
9.638,0.17,0.02
9.639,0.13,0.02
9.64,0.09,0.01
9.641,0.07,0.01
9.642,0.05,0.01
9.643,0.04,0.01
9.644,0.03,0.01
9.645,0.03,0.01
9.646,0.02,0.01
9.652,0.02,0.01
9.655,0.02,0.01
9.656,0.02,0.01
9.657,0.02,0.01
9.663,0.02,0.01
9.664,0.02,0.01
9.668,0.02,0.01
9.669,0.02,0.01
9.67,0.02,0.01
9.692,0.02,0.01
9.704,0.02,0.01
9.705,0.02,0.01
9.707,0.02,0.01
9.735,0.02,0.01
9.748,0.02,0.01
9.749,0.02,0.01
9.755,0.02,0.01
9.756,0.02,0.01
9.784,0.02,0.01
9.785,0.02,0.01
9.786,0.02,0.01
9.787,0.02,0.01
9.788,0.02,0.01
9.789,0.02,0.01
9.795,0.02,0.01
9.796,0.02,0.01
9.826,0.02,0.01
9.827,0.02,0.01
9.837,0.02,0.01
9.838,0.02,0.01
9.839,0.02,0.01
9.84,0.02,0.01
9.841,0.02,0.01
9.842,0.02,0.01
9.843,0.02,0.01
9.859,0.02,0.01
9.86,0.02,0.01
9.861,0.02,0.01
9.868,0.02,0.01
9.869,0.02,0.01
9.876,0.02,0.01
9.877,0.02,0.01
9.878,0.02,0.01
9.891,0.02,0.01
9.892,0.02,0.01
9.893,0.02,0.01
9.894,0.02,0.01
9.919,0.02,0.01
9.92,0.02,0.01
9.921,0.02,0.01
9.922,0.02,0.01
9.923,0.02,0.01
9.944,0.02,0.01
10.147,0.02,0.01
10.148,0.02,0.01
10.182,0.02,0.01
10.213,0.02,0.01
10.214,0.02,0.01
10.229,0.02,0.01
10.23,0.02,0.01
10.231,0.03,0.01
10.232,0.03,0.01
10.233,0.03,0.01
10.234,0.03,0.01
10.235,0.02,0.01
10.236,0.02,0.01
10.325,0.02,0.01
10.476,0.02,0.01
10.477,0.02,0.01
10.478,0.02,0.01
10.493,0.02,0.01
10.494,0.02,0.01
10.495,0.02,0.01
10.554,0.02,0.01
10.555,0.02,0.01
10.569,0.02,0.01
10.57,0.02,0.01
10.571,0.02,0.01
10.62,0.02,0.01
10.643,0.02,0.01
10.644,0.02,0.0
10.647,0.02,0.0
10.648,0.02,0.0
10.649,0.02,0.0
10.65,0.02,0.0
10.651,0.02,0.0
10.652,0.02,0.0
10.653,0.02,0.0
10.654,0.02,0.0
10.683,0.02,0.0
10.694,0.02,0.0
10.695,0.02,0.0
10.708,0.02,0.0
10.709,0.02,0.0
10.71,0.02,0.0
10.711,0.02,0.0
10.712,0.02,0.0
10.713,0.02,0.0
10.714,0.02,0.0
10.753,0.02,0.0
10.775,0.02,0.0
10.776,0.02,0.0
10.785,0.02,0.0
10.786,0.02,0.0
10.817,0.02,0.0
10.918,0.02,0.0
10.973,0.02,0.0
10.974,0.02,0.0
10.996,0.02,0.0
11.09,0.02,0.0
11.091,0.02,0.0
11.117,0.02,0.0
11.153,0.02,0.0
11.155,0.02,0.0
11.156,0.02,0.0
11.167,0.02,0.0
11.168,0.02,0.0
11.27,0.02,0.0
11.271,0.02,0.0
11.272,0.02,0.0
11.35,0.02,0.0
11.402,0.02,0.0
11.403,0.02,0.0
11.404,0.02,0.0
11.536,0.02,0.0
11.537,0.02,0.0
11.539,0.02,0.0
11.543,0.02,0.0
11.548,0.02,0.0
11.745,-0.02,0.0
11.746,-0.02,0.0
11.747,-0.02,0.0
11.749,-0.02,0.0
11.75,-0.02,0.0
11.751,-0.02,0.0
11.752,-0.02,0.0
11.753,-0.02,0.0
11.754,-0.02,0.0
11.755,-0.02,0.0
11.756,-0.02,0.0
11.757,-0.02,0.0
11.764,-0.02,0.0
11.765,-0.02,0.0
11.768,-0.02,0.0
11.769,-0.02,0.0
11.77,-0.02,0.0
11.771,-0.02,0.0
11.773,-0.02,0.0
11.774,-0.02,0.0
11.775,-0.02,0.0
11.776,-0.02,0.0
11.777,-0.02,0.0
11.778,-0.02,0.0
11.779,-0.02,0.0
11.78,-0.02,0.0
11.781,-0.02,0.0
11.782,-0.02,0.0
11.783,-0.02,0.0
11.784,-0.02,0.0
11.785,-0.02,0.0
11.786,-0.02,0.0
11.787,-0.02,0.0
11.788,-0.02,0.0
11.789,-0.03,0.0
11.79,-0.02,0.0
11.791,-0.02,0.0
11.792,-0.02,0.0
11.793,-0.02,0.0
11.794,-0.02,0.0
11.795,-0.02,0.0
11.796,-0.03,0.0
11.797,-0.03,0.0
11.798,-0.02,0.0
11.799,-0.03,0.0
11.8,-0.03,0.01
11.801,-0.03,0.01
11.802,-0.03,0.01
11.803,-0.02,0.01
11.804,-0.02,0.01
11.805,-0.02,0.01
11.806,-0.02,0.01
11.807,-0.02,0.01
11.808,-0.02,0.01
11.809,-0.02,0.01
11.81,-0.02,0.01
11.811,-0.02,0.01
11.812,-0.02,0.01
11.813,-0.02,0.01
11.814,-0.02,0.01
11.815,-0.03,0.01
11.816,-0.03,0.01
11.817,-0.03,0.01
11.818,-0.03,0.01
11.819,-0.03,0.01
11.82,-0.03,0.01
11.821,-0.03,0.01
11.822,-0.03,0.01
11.823,-0.03,0.01
11.824,-0.03,0.01
11.825,-0.03,0.01
11.826,-0.03,0.01
11.827,-0.03,0.01
11.828,-0.03,0.01
